"Date","Price","Open","High","Low","Vol.","Change %"
"May 05, 2020","2.335","2.325","2.340","2.323","-","0.65%"
"May 04, 2020","2.320","2.297","2.323","2.284","-","1.00%"
"May 03, 2020","2.297","2.312","2.312","2.291","-","-0.61%"
"May 01, 2020","2.311","2.332","2.333","2.286","-","-0.94%"
"Apr 30, 2020","2.333","2.377","2.394","2.319","-","-1.85%"
"Apr 29, 2020","2.377","2.343","2.386","2.342","-","1.45%"
"Apr 28, 2020","2.343","2.339","2.373","2.330","-","0.21%"
"Apr 27, 2020","2.338","2.349","2.380","2.325","-","-0.47%"
"Apr 26, 2020","2.349","2.357","2.366","2.349","-","-0.38%"
"Apr 24, 2020","2.358","2.305","2.363","2.289","-","2.30%"
"Apr 23, 2020","2.305","2.281","2.339","2.273","-","1.10%"
"Apr 22, 2020","2.280","2.246","2.293","2.211","-","1.51%"
"Apr 21, 2020","2.246","2.308","2.313","2.150","-","-2.69%"
"Apr 20, 2020","2.308","2.337","2.354","2.294","-","-1.24%"
"Apr 19, 2020","2.337","2.348","2.348","2.335","-","-0.13%"
"Apr 17, 2020","2.340","2.322","2.357","2.322","-","0.73%"
"Apr 16, 2020","2.323","2.293","2.352","2.287","-","1.31%"
"Apr 15, 2020","2.293","2.325","2.329","2.277","-","-1.38%"
"Apr 14, 2020","2.325","2.313","2.335","2.309","-","0.52%"
"Apr 13, 2020","2.313","2.282","2.352","2.281","-","1.31%"
"Apr 12, 2020","2.283","2.282","2.300","2.263","-","0.57%"
"Apr 10, 2020","2.270","2.270","2.270","2.270","-","-0.04%"
"Apr 09, 2020","2.271","2.276","2.288","2.247","-","-0.22%"
"Apr 08, 2020","2.276","2.255","2.287","2.243","-","0.98%"
"Apr 07, 2020","2.254","2.236","2.317","2.234","-","0.71%"
"Apr 06, 2020","2.238","2.192","2.254","2.187","-","2.15%"
"Apr 05, 2020","2.191","2.180","2.196","2.180","-","0.55%"
"Apr 03, 2020","2.179","2.214","2.232","2.172","-","-1.58%"
"Apr 02, 2020","2.214","2.172","2.235","2.151","-","1.93%"
"Apr 01, 2020","2.172","2.213","2.222","2.155","-","-1.85%"
"Mar 31, 2020","2.213","2.172","2.247","2.172","-","1.89%"
"Mar 30, 2020","2.172","2.158","2.175","2.143","-","0.65%"
"Mar 29, 2020","2.158","2.175","2.175","2.135","-","-1.78%"
"Mar 27, 2020","2.197","2.190","2.190","2.190","0.29K","-0.50%"
"Mar 26, 2020","2.208","2.190","2.218","2.190","0.48K","-1.16%"
"Mar 25, 2020","2.234","2.208","2.211","2.174","0.72K","1.66%"
"Mar 24, 2020","2.197","2.151","2.231","2.151","0.45K","3.68%"
"Mar 23, 2020","2.119","2.114","2.125","2.105","0.38K","-3.24%"
"Mar 20, 2020","2.191","2.162","2.241","2.120","0.41K","-0.43%"
"Mar 19, 2020","2.200","2.161","2.200","2.059","0.47K","1.83%"
"Mar 18, 2020","2.161","2.316","2.322","2.122","0.48K","-6.69%"
"Mar 17, 2020","2.316","2.417","2.417","2.309","0.58K","-3.46%"
"Mar 16, 2020","2.398","2.455","2.460","2.364","0.52K","-3.05%"
"Mar 13, 2020","2.474","2.455","2.534","2.430","0.80K","-0.28%"
"Mar 12, 2020","2.481","2.491","2.491","2.439","0.99K","-1.23%"
"Mar 11, 2020","2.512","2.550","2.550","2.488","0.65K","-0.87%"
"Mar 10, 2020","2.534","2.499","2.563","2.499","0.69K","0.40%"
"Mar 09, 2020","2.524","2.542","2.542","2.480","0.82K","-1.90%"
"Mar 06, 2020","2.573","2.579","2.579","2.546","0.64K","-0.37%"
"Mar 05, 2020","2.582","2.588","2.593","2.573","0.49K","-0.40%"
"Mar 04, 2020","2.593","2.585","2.602","2.577","0.49K","0.52%"
"Mar 03, 2020","2.579","2.620","2.630","2.562","1.15K","-0.83%"
"Mar 02, 2020","2.601","2.536","2.618","2.514","1.30K","2.16%"
"Feb 28, 2020","2.546","2.557","2.567","2.514","2.58K","-0.99%"
"Feb 27, 2020","2.572","2.566","2.581","2.522","14.71K","-0.04%"
"Feb 26, 2020","2.572","2.564","2.579","2.543","65.06K","-0.21%"
"Feb 25, 2020","2.578","2.570","2.592","2.558","78.49K","0.04%"
"Feb 24, 2020","2.577","2.592","2.592","2.559","98.82K","-1.19%"
"Feb 21, 2020","2.608","2.589","2.618","2.560","103.13K","0.77%"
"Feb 20, 2020","2.588","2.606","2.624","2.578","86.78K","-0.69%"
"Feb 19, 2020","2.606","2.605","2.627","2.578","95.84K","0.08%"
"Feb 18, 2020","2.604","2.604","2.632","2.594","117.37K","-0.61%"
"Feb 17, 2020","2.620","2.607","2.633","2.602","-","0.50%"
"Feb 16, 2020","2.607","2.599","2.610","2.599","-","0.29%"
"Feb 14, 2020","2.599","2.615","2.618","2.592","62.13K","-0.52%"
"Feb 13, 2020","2.613","2.602","2.628","2.582","98.11K","0.50%"
"Feb 12, 2020","2.600","2.582","2.610","2.580","76.51K","0.66%"
"Feb 11, 2020","2.583","2.556","2.608","2.556","88.49K","1.27%"
"Feb 10, 2020","2.550","2.550","2.576","2.540","94.80K","-0.10%"
"Feb 07, 2020","2.553","2.594","2.599","2.546","99.56K","-1.54%"
"Feb 06, 2020","2.593","2.582","2.622","2.576","99.31K","0.72%"
"Feb 05, 2020","2.575","2.547","2.605","2.543","118.90K","1.28%"
"Feb 04, 2020","2.542","2.506","2.572","2.501","107.81K","1.40%"
"Feb 03, 2020","2.507","2.490","2.563","2.487","132.10K","-0.40%"
"Jan 31, 2020","2.517","2.546","2.563","2.503","97.99K","-0.28%"
"Jan 30, 2020","2.524","2.562","2.566","2.516","99.81K","-1.17%"
"Jan 29, 2020","2.554","2.588","2.606","2.553","87.19K","-0.99%"
"Jan 28, 2020","2.579","2.593","2.609","2.578","100.47K","-0.65%"
"Jan 27, 2020","2.596","2.668","2.673","2.592","118.99K","-3.26%"
"Jan 24, 2020","2.684","2.731","2.736","2.678","72.57K","-1.54%"
"Jan 23, 2020","2.726","2.768","2.773","2.711","88.85K","-1.41%"
"Jan 22, 2020","2.765","2.788","2.805","2.763","71.19K","-1.02%"
"Jan 21, 2020","2.793","2.847","2.861","2.790","103.87K","-1.78%"
"Jan 20, 2020","2.844","2.852","2.861","2.837","-","-0.25%"
"Jan 19, 2020","2.851","2.846","2.851","2.845","-","0.19%"
"Jan 17, 2020","2.845","2.852","2.875","2.842","59.52K","-0.05%"
"Jan 16, 2020","2.847","2.862","2.886","2.842","73.55K","-0.66%"
"Jan 15, 2020","2.866","2.870","2.871","2.836","55.20K","-0.26%"
"Jan 14, 2020","2.874","2.856","2.875","2.849","74.97K","0.44%"
"Jan 13, 2020","2.861","2.806","2.864","2.806","73.10K","1.69%"
"Jan 10, 2020","2.813","2.800","2.836","2.796","60.79K","0.41%"
"Jan 09, 2020","2.802","2.808","2.819","2.796","53.12K","-0.36%"
"Jan 08, 2020","2.812","2.796","2.814","2.763","77.70K","0.66%"
"Jan 07, 2020","2.793","2.789","2.804","2.780","59.47K","0.13%"
"Jan 06, 2020","2.790","2.765","2.796","2.764","59.57K","0.11%"
"Jan 03, 2020","2.787","2.825","2.826","2.760","74.75K","-1.35%"
"Jan 02, 2020","2.825","2.803","2.829","2.794","72.46K","0.68%"
"Jan 01, 2020","2.806","2.798","2.807","2.798","-","0.32%"
"Dec 31, 2019","2.797","2.820","2.822","2.796","42.72K","-1.29%"
"Dec 30, 2019","2.833","2.826","2.838","2.819","46.91K","0.14%"
"Dec 27, 2019","2.829","2.851","2.851","2.815","52.67K","-0.68%"
"Dec 26, 2019","2.849","2.838","2.856","2.826","33.11K","0.39%"
"Dec 25, 2019","2.838","2.825","2.842","2.825","-","0.37%"
"Dec 24, 2019","2.828","2.809","2.832","2.803","39.23K","0.68%"
"Dec 23, 2019","2.809","2.807","2.813","2.794","41.19K","0.09%"
"Dec 20, 2019","2.806","2.826","2.834","2.799","53.80K","-0.73%"
"Dec 19, 2019","2.826","2.812","2.828","2.800","43.42K","0.50%"
"Dec 18, 2019","2.813","2.810","2.815","2.787","55.98K","-0.04%"
"Dec 17, 2019","2.813","2.809","2.826","2.801","60.01K","0.07%"
"Dec 16, 2019","2.812","2.786","2.819","2.782","62.84K","1.10%"
"Dec 13, 2019","2.781","2.813","2.831","2.766","115.06K","-0.55%"
"Dec 12, 2019","2.796","2.795","2.815","2.763","101.02K","0.25%"
"Dec 11, 2019","2.789","2.766","2.798","2.757","77.55K","0.87%"
"Dec 10, 2019","2.766","2.753","2.770","2.749","70.83K","0.25%"
"Dec 09, 2019","2.759","2.746","2.762","2.720","97.05K","1.23%"
"Dec 06, 2019","2.725","2.666","2.753","2.664","79.72K","2.33%"
"Dec 05, 2019","2.663","2.662","2.677","2.654","46.28K","0.15%"
"Dec 04, 2019","2.659","2.626","2.667","2.621","72.33K","1.37%"
"Dec 03, 2019","2.623","2.651","2.655","2.621","80.85K","-1.04%"
"Dec 02, 2019","2.651","2.662","2.679","2.647","64.21K","-0.41%"
"Nov 29, 2019","2.661","2.699","2.701","2.654","72.15K","-0.32%"
"Nov 28, 2019","2.670","2.694","2.695","2.667","-","-0.96%"
"Nov 27, 2019","2.696","2.696","2.710","2.684","77.57K","-0.06%"
"Nov 26, 2019","2.697","2.661","2.698","2.652","48.30K","1.33%"
"Nov 25, 2019","2.662","2.656","2.681","2.648","45.08K","0.11%"
"Nov 22, 2019","2.659","2.638","2.662","2.629","38.35K","0.87%"
"Nov 21, 2019","2.636","2.659","2.659","2.634","41.48K","-0.92%"
"Nov 20, 2019","2.661","2.666","2.678","2.652","29.17K","-0.30%"
"Nov 19, 2019","2.668","2.633","2.674","2.630","36.19K","1.31%"
"Nov 18, 2019","2.634","2.652","2.661","2.629","32.16K","-0.66%"
"Nov 15, 2019","2.651","2.639","2.655","2.636","20.08K","0.63%"
"Nov 14, 2019","2.635","2.648","2.670","2.628","28.00K","-0.60%"
"Nov 13, 2019","2.651","2.657","2.662","2.645","22.59K","-0.21%"
"Nov 12, 2019","2.657","2.672","2.693","2.654","23.30K","-0.65%"
"Nov 11, 2019","2.674","2.699","2.699","2.666","21.63K","-0.65%"
"Nov 08, 2019","2.691","2.720","2.730","2.685","23.07K","-1.64%"
"Nov 07, 2019","2.737","2.681","2.739","2.675","34.71K","2.34%"
"Nov 06, 2019","2.674","2.708","2.708","2.670","15.12K","-1.29%"
"Nov 05, 2019","2.709","2.672","2.724","2.672","26.95K","1.10%"
"Nov 04, 2019","2.680","2.671","2.684","2.662","9.34K","0.68%"
"Nov 01, 2019","2.661","2.646","2.672","2.641","8.91K","0.55%"
"Oct 31, 2019","2.647","2.691","2.696","2.638","16.29K","-1.76%"
"Oct 30, 2019","2.694","2.701","2.704","2.670","9.54K","-0.22%"
"Oct 29, 2019","2.701","2.691","2.705","2.682","6.62K","0.32%"
"Oct 28, 2019","2.692","2.694","2.698","2.683","7.88K","0.30%"
"Oct 25, 2019","2.684","2.674","2.700","2.667","10.55K","0.30%"
"Oct 24, 2019","2.676","2.678","2.687","2.668","9.93K","-0.13%"
"Oct 23, 2019","2.680","2.645","2.682","2.625","11.26K","1.38%"
"Oct 22, 2019","2.643","2.655","2.659","2.639","4.97K","-0.47%"
"Oct 21, 2019","2.655","2.646","2.668","2.641","6.88K","0.42%"
"Oct 18, 2019","2.645","2.609","2.651","2.595","8.73K","1.46%"
"Oct 17, 2019","2.606","2.596","2.626","2.589","4.68K","0.31%"
"Oct 16, 2019","2.599","2.622","2.622","2.583","3.31K","-0.92%"
"Oct 15, 2019","2.622","2.639","2.648","2.615","5.98K","-0.76%"
"Oct 14, 2019","2.642","2.633","2.642","2.603","3.15K","0.25%"
"Oct 11, 2019","2.636","2.621","2.645","2.616","10.05K","0.59%"
"Oct 10, 2019","2.621","2.578","2.626","2.558","6.91K","1.71%"
"Oct 09, 2019","2.576","2.576","2.588","2.570","9.54K","-0.04%"
"Oct 08, 2019","2.578","2.580","2.608","2.569","7.58K","-0.27%"
"Oct 07, 2019","2.585","2.569","2.596","2.561","10.25K","0.56%"
"Oct 04, 2019","2.570","2.559","2.573","2.539","6.27K","0.31%"
"Oct 03, 2019","2.562","2.582","2.588","2.547","5.28K","-0.70%"
"Oct 02, 2019","2.580","2.575","2.593","2.557","11.37K","0.35%"
"Oct 01, 2019","2.571","2.587","2.587","2.526","11.54K","-0.71%"
"Sep 30, 2019","2.589","2.612","2.626","2.583","5.15K","-0.71%"
"Sep 27, 2019","2.608","2.586","2.622","2.582","4.40K","0.77%"
"Sep 26, 2019","2.588","2.623","2.628","2.585","8.18K","-1.26%"
"Sep 25, 2019","2.621","2.612","2.624","2.596","7.28K","0.19%"
"Sep 24, 2019","2.616","2.628","2.631","2.606","4.70K","-0.21%"
"Sep 23, 2019","2.622","2.614","2.627","2.584","5.30K","0.17%"
"Sep 20, 2019","2.617","2.618","2.641","2.598","1.93K","-0.08%"
"Sep 19, 2019","2.619","2.622","2.632","2.615","3.55K","-0.17%"
"Sep 18, 2019","2.624","2.640","2.648","2.609","4.38K","-0.55%"
"Sep 17, 2019","2.638","2.654","2.658","2.618","8.31K","-0.55%"
"Sep 16, 2019","2.652","2.710","2.710","2.651","9.81K","-2.14%"
"Sep 13, 2019","2.711","2.656","2.715","2.654","8.99K","2.24%"
"Sep 12, 2019","2.651","2.629","2.677","2.602","9.77K","0.97%"
"Sep 11, 2019","2.625","2.632","2.647","2.612","8.36K","-0.47%"
"Sep 10, 2019","2.638","2.638","2.651","2.614","7.70K","0.00%"
"Sep 09, 2019","2.638","2.641","2.643","2.626","10.03K","-0.28%"
"Sep 06, 2019","2.645","2.641","2.658","2.632","8.93K","-0.26%"
"Sep 05, 2019","2.652","2.601","2.657","2.597","5.96K","1.84%"
"Sep 04, 2019","2.604","2.539","2.605","2.539","5.93K","2.64%"
"Sep 03, 2019","2.537","2.562","2.576","2.493","9.31K","0.20%"
"Sep 02, 2019","2.532","2.552","2.567","2.528","-","-0.78%"
"Sep 01, 2019","2.552","2.557","2.557","2.547","-","-0.37%"
"Aug 30, 2019","2.562","2.586","2.592","2.557","6.73K","-0.97%"
"Aug 29, 2019","2.586","2.574","2.605","2.564","6.75K","0.52%"
"Aug 28, 2019","2.573","2.568","2.580","2.556","7.28K","0.45%"
"Aug 27, 2019","2.562","2.555","2.585","2.550","9.47K","0.08%"
"Aug 26, 2019","2.559","2.530","2.566","2.510","2.49K","0.49%"
"Aug 23, 2019","2.547","2.576","2.585","2.542","5.89K","-1.14%"
"Aug 22, 2019","2.576","2.598","2.601","2.569","5.33K","-0.96%"
"Aug 21, 2019","2.602","2.593","2.605","2.592","6.09K","0.31%"
"Aug 20, 2019","2.593","2.612","2.618","2.587","3.88K","-0.88%"
"Aug 19, 2019","2.616","2.612","2.639","2.612","3.71K","0.21%"
"Aug 16, 2019","2.611","2.615","2.622","2.603","1.20K","-0.06%"
"Aug 15, 2019","2.612","2.610","2.621","2.597","2.14K","0.15%"
"Aug 14, 2019","2.609","2.650","2.650","2.601","3.34K","-1.45%"
"Aug 13, 2019","2.647","2.599","2.658","2.588","7.96K","1.71%"
"Aug 12, 2019","2.602","2.610","2.627","2.593","5.68K","-0.15%"
"Aug 09, 2019","2.606","2.608","2.633","2.600","5.38K","-0.69%"
"Aug 08, 2019","2.625","2.596","2.632","2.596","7.49K","1.29%"
"Aug 07, 2019","2.591","2.573","2.611","2.566","9.85K","0.50%"
"Aug 06, 2019","2.578","2.565","2.588","2.565","6.99K","0.47%"
"Aug 05, 2019","2.566","2.585","2.596","2.562","4.63K","-1.08%"
"Aug 02, 2019","2.594","2.640","2.649","2.585","3.80K","-3.44%"
"Aug 01, 2019","2.687","2.684","2.688","2.644","4.04K","0.00%"
"Jul 31, 2019","2.687","2.698","2.710","2.680","6.69K","-0.41%"
"Jul 30, 2019","2.698","2.734","2.738","2.695","4.26K","-1.33%"
"Jul 29, 2019","2.734","2.714","2.737","2.705","1.98K","1.09%"
"Jul 26, 2019","2.705","2.727","2.727","2.704","3.67K","-0.66%"
"Jul 25, 2019","2.723","2.723","2.755","2.723","2.67K","-0.22%"
"Jul 24, 2019","2.729","2.717","2.736","2.717","2.37K","0.48%"
"Jul 23, 2019","2.716","2.737","2.743","2.706","2.50K","-0.88%"
"Jul 22, 2019","2.740","2.753","2.757","2.736","3.90K","-0.98%"
"Jul 19, 2019","2.767","2.757","2.809","2.757","5.77K","1.63%"
"Jul 18, 2019","2.723","2.721","2.732","2.717","1.61K","-0.22%"
"Jul 17, 2019","2.728","2.714","2.730","2.700","3.57K","0.55%"
"Jul 16, 2019","2.714","2.721","2.747","2.710","3.11K","-0.37%"
"Jul 15, 2019","2.724","2.722","2.740","2.713","1.86K","0.52%"
"Jul 12, 2019","2.710","2.703","2.724","2.690","5.73K","0.26%"
"Jul 11, 2019","2.703","2.703","2.710","2.693","4.40K","-0.17%"
"Jul 10, 2019","2.707","2.644","2.712","2.644","5.13K","2.52%"
"Jul 09, 2019","2.641","2.665","2.671","2.629","10.23K","-1.27%"
"Jul 08, 2019","2.674","2.678","2.697","2.670","5.31K","-0.04%"
"Jul 05, 2019","2.675","2.691","2.693","2.659","3.13K","-0.17%"
"Jul 04, 2019","2.680","2.685","2.687","2.670","-","-0.54%"
"Jul 03, 2019","2.694","2.655","2.697","2.655","3.63K","0.56%"
"Jul 02, 2019","2.680","2.706","2.711","2.673","5.72K","-0.85%"
"Jul 01, 2019","2.703","2.758","2.760","2.700","2.45K","-0.86%"
"Jun 28, 2019","2.726","2.734","2.734","2.717","2.43K","0.00%"
"Jun 27, 2019","2.727","2.733","2.737","2.714","1.67K","0.00%"
"Jun 26, 2019","2.726","2.739","2.753","2.716","1.43K","-0.60%"
"Jun 25, 2019","2.743","2.720","2.753","2.720","1.16K","1.18%"
"Jun 24, 2019","2.711","2.698","2.716","2.696","0.79K","0.09%"
"Jun 21, 2019","2.708","2.717","2.721","2.698","0.73K","-0.17%"
"Jun 20, 2019","2.713","2.707","2.734","2.705","2.56K","1.21%"
"Jun 19, 2019","2.680","2.704","2.705","2.679","0.55K","-0.74%"
"Jun 18, 2019","2.700","2.648","2.707","2.647","1.23K","2.04%"
"Jun 17, 2019","2.646","2.632","2.657","2.625","3.46K","0.40%"
"Jun 14, 2019","2.635","2.651","2.651","2.635","0.85K","-1.07%"
"Jun 13, 2019","2.664","2.656","2.667","2.642","1.83K","0.00%"
"Jun 12, 2019","2.664","2.670","2.673","2.651","1.04K","-0.67%"
"Jun 11, 2019","2.681","2.690","2.707","2.673","1.40K","0.47%"
"Jun 10, 2019","2.669","2.651","2.673","2.641","1.79K","1.25%"
"Jun 07, 2019","2.636","2.670","2.670","2.614","1.49K","-0.88%"
"Jun 06, 2019","2.659","2.658","2.658","2.638","0.68K","0.97%"
"Jun 05, 2019","2.634","2.660","2.668","2.633","1.06K","-1.70%"
"Jun 04, 2019","2.680","2.660","2.680","2.655","0.56K","0.73%"
"Jun 03, 2019","2.660","2.639","2.667","2.638","0.70K","0.45%"
"May 31, 2019","2.648","2.648","2.657","2.638","1.49K","-0.82%"
"May 30, 2019","2.670","2.673","2.675","2.660","1.53K","-0.47%"
"May 29, 2019","2.682","2.693","2.693","2.681","0.28K","-1.09%"
"May 28, 2019","2.712","2.728","2.728","2.711","0.87K","-0.04%"
"May 27, 2019","2.713","2.700","2.717","2.696","-","0.44%"
"May 26, 2019","2.701","2.699","2.703","2.695","-","-0.57%"
"May 24, 2019","2.717","2.712","2.721","2.712","0.46K","0.65%"
"May 23, 2019","2.699","2.694","2.705","2.680","1.24K","-0.13%"
"May 22, 2019","2.703","2.730","2.730","2.698","1.02K","-1.22%"
"May 21, 2019","2.736","2.752","2.752","2.737","1.19K","-0.24%"
"May 20, 2019","2.743","2.746","2.748","2.729","0.25K","-0.47%"
"May 17, 2019","2.756","2.760","2.763","2.748","1.14K","-0.34%"
"May 16, 2019","2.765","2.754","2.792","2.754","1.13K","0.33%"
"May 15, 2019","2.756","2.744","2.766","2.741","1.83K","0.38%"
"May 14, 2019","2.746","2.750","2.750","2.737","1.92K","0.20%"
"May 13, 2019","2.740","2.769","2.772","2.730","1.66K","-1.93%"
"May 10, 2019","2.794","2.793","2.812","2.778","1.38K","0.09%"
"May 09, 2019","2.792","2.780","2.793","2.760","2.65K","-0.21%"
"May 08, 2019","2.797","2.813","2.814","2.789","3.61K","-0.52%"
"May 07, 2019","2.812","2.856","2.862","2.811","2.88K","-1.63%"
"May 06, 2019","2.859","2.861","2.872","2.857","1.34K","0.55%"
"May 03, 2019","2.843","2.816","2.855","2.813","1.41K","1.28%"
"May 02, 2019","2.807","2.827","2.836","2.807","1.81K","-0.99%"
"May 01, 2019","2.835","2.939","2.940","2.820","1.34K","-3.46%"
"Apr 30, 2019","2.937","2.939","2.953","2.928","0.57K","0.27%"
"Apr 29, 2019","2.928","2.910","2.937","2.905","1.01K","0.14%"
"Apr 26, 2019","2.924","2.926","2.927","2.912","0.29K","0.93%"
"Apr 25, 2019","2.898","2.935","2.935","2.897","0.29K","-1.55%"
"Apr 24, 2019","2.943","2.942","2.944","2.940","0.14K","0.41%"
"Apr 23, 2019","2.931","2.924","2.934","2.917","0.75K","-0.17%"
"Apr 22, 2019","2.936","2.934","2.938","2.934","0.24K","0.62%"
"Apr 19, 2019","2.918","2.918","2.918","2.918","-","-1.20%"
"Apr 18, 2019","2.954","2.993","2.993","2.954","0.34K","-1.45%"
"Apr 17, 2019","2.997","2.980","3.020","2.980","1.64K","1.03%"
"Apr 16, 2019","2.967","2.975","2.975","2.969","0.19K","-0.12%"
"Apr 15, 2019","2.970","2.974","2.974","2.952","0.74K","-0.20%"
"Apr 12, 2019","2.976","2.975","2.986","2.963","0.12K","1.83%"
"Apr 11, 2019","2.922","2.939","2.951","2.921","0.33K","-1.27%"
"Apr 10, 2019","2.960","2.944","2.962","2.944","0.70K","-0.15%"
"Apr 09, 2019","2.964","2.977","2.981","2.963","0.48K","0.10%"
"Apr 08, 2019","2.961","2.960","2.966","2.960","0.30K","1.35%"
"Apr 05, 2019","2.922","2.918","2.926","2.914","0.52K","-0.38%"
"Apr 04, 2019","2.933","2.930","2.934","2.930","0.46K","-1.20%"
"Apr 03, 2019","2.968","2.952","2.971","2.943","0.22K","1.30%"
"Apr 02, 2019","2.931","2.937","2.938","2.931","0.36K","-0.49%"
"Apr 01, 2019","2.945","2.971","2.972","2.960","0.19K","-0.32%"
"Mar 29, 2019","2.954","2.958","2.958","2.951","0.34K","2.07%"
"Mar 28, 2019","2.895","2.901","2.901","2.901","0.12K","0.33%"
"Mar 27, 2019","2.885","2.881","2.884","2.881","0.09K","0.21%"
"Mar 26, 2019","2.879","2.884","2.884","2.880","0.08K","-0.24%"
"Mar 25, 2019","2.886","2.860","2.882","2.860","0.07K","0.50%"
"Mar 22, 2019","2.872","2.916","2.916","2.916","0.11K","-2.08%"
"Mar 21, 2019","2.932","2.955","2.955","2.955","0.02K","-0.49%"
"Mar 20, 2019","2.947","2.945","2.945","2.945","0.09K","0.05%"
"Mar 19, 2019","2.945","2.943","2.961","2.937","0.05K","0.43%"
"Mar 18, 2019","2.933","2.934","2.934","2.930","0.05K","0.15%"
"Mar 15, 2019","2.928","2.928","2.928","2.928","0.03K","0.58%"
"Mar 14, 2019","2.911","2.910","2.911","2.909","0.10K","-1.31%"
"Mar 13, 2019","2.950","2.938","2.952","2.937","0.11K","0.22%"
"Mar 12, 2019","2.944","2.969","2.969","2.945","0.03K","0.89%"
"Mar 11, 2019","2.918","2.928","2.928","2.917","0.19K","0.22%"
"Mar 08, 2019","2.911","2.917","2.917","2.916","0.08K","-0.72%"
"Mar 07, 2019","2.932","2.934","2.934","2.934","0.07K","-0.24%"
"Mar 06, 2019","2.939","2.939","2.958","2.935","0.11K","-0.36%"
"Mar 05, 2019","2.950","2.922","2.961","2.922","0.03K","0.80%"
"Mar 04, 2019","2.926","2.928","2.928","2.928","0.07K","-0.71%"
"Mar 01, 2019","2.947","2.990","2.990","2.942","0.19K","-0.59%"
"Feb 28, 2019","2.964","2.971","2.971","2.959","0.19K","-0.39%"
"Feb 27, 2019","2.976","2.969","2.978","2.969","0.52K","0.37%"
"Feb 26, 2019","2.965","2.956","2.973","2.956","0.21K","0.15%"
"Feb 25, 2019","2.961","2.957","2.985","2.946","0.15K","0.10%"
"Feb 22, 2019","2.957","2.916","2.958","2.916","0.07K","1.49%"
"Feb 21, 2019","2.914","2.925","2.925","2.906","0.40K","-0.53%"
"Feb 20, 2019","2.930","2.925","2.925","2.925","0.15K","1.28%"
"Feb 19, 2019","2.892","2.857","2.892","2.857","0.27K","1.92%"
"Feb 18, 2019","2.838","2.816","2.848","2.803","-","0.78%"
"Feb 17, 2019","2.816","2.815","2.817","2.811","-","-0.16%"
"Feb 15, 2019","2.820","2.804","2.804","2.796","0.24K","0.77%"
"Feb 14, 2019","2.799","2.801","2.818","2.788","0.11K","0.21%"
"Feb 13, 2019","2.793","2.801","2.801","2.783","0.23K","0.00%"
"Feb 12, 2019","2.793","2.808","2.808","2.775","0.13K","-0.71%"
"Feb 11, 2019","2.813","2.812","2.817","2.798","0.31K","-0.90%"
"Feb 08, 2019","2.839","2.850","2.850","2.850","0.24K","-0.51%"
"Feb 07, 2019","2.853","2.841","2.863","2.841","0.40K","-0.07%"
"Feb 06, 2019","2.855","2.860","2.860","2.849","0.23K","0.51%"
"Feb 05, 2019","2.841","2.839","2.839","2.839","0.06K","0.78%"
"Feb 04, 2019","2.819","2.795","2.795","2.795","0.14K","0.61%"
"Feb 01, 2019","2.802","2.790","2.790","2.790","1.06K","-0.41%"
"Jan 31, 2019","2.813","2.822","2.822","2.806","0.17K","0.63%"
"Jan 30, 2019","2.796","2.753","2.799","2.753","0.11K","1.32%"
"Jan 29, 2019","2.759","2.730","2.730","2.730","0.01K","1.62%"
"Jan 28, 2019","2.715","2.730","2.731","2.730","0.07K","-1.52%"
"Jan 25, 2019","2.757","2.700","2.756","2.685","0.04K","2.83%"
"Jan 24, 2019","2.681","2.691","2.691","2.672","0.01K","-0.37%"
"Jan 23, 2019","2.691","2.692","2.701","2.683","0.01K","-0.07%"
"Jan 22, 2019","2.693","2.717","2.717","2.677","0.04K","0.41%"
"Jan 21, 2019","2.682","2.709","2.710","2.675","-","-1.00%"
"Jan 20, 2019","2.709","2.712","2.716","2.709","-","-1.26%"
"Jan 18, 2019","2.743","2.750","2.750","2.750","0.01K","1.22%"
"Jan 17, 2019","2.711","2.689","2.706","2.684","0.06K","0.58%"
"Jan 16, 2019","2.695","2.678","2.693","2.678","0.02K","1.16%"
"Jan 15, 2019","2.664","2.667","2.679","2.658","0.02K","-0.32%"
"Jan 14, 2019","2.672","2.667","2.667","2.655","0.02K","-1.06%"
"Jan 11, 2019","2.701","2.679","2.680","2.679","0.01K","1.05%"
"Jan 10, 2019","2.673","2.675","2.675","2.675","0.02K","-0.72%"
"Jan 09, 2019","2.693","2.701","2.701","2.677","0.05K","0.06%"
"Jan 08, 2019","2.691","2.704","2.704","2.704","0.04K","0.96%"
"Jan 07, 2019","2.665","2.654","2.671","2.654","0.01K","-0.32%"
"Jan 04, 2019","2.674","2.604","2.671","2.604","0.05K","2.87%"
"Jan 03, 2019","2.599","2.626","2.626","2.607","0.02K","-2.02%"
"Jan 02, 2019","2.653","2.670","2.670","2.631","0.00K","0.04%"
"Jan 01, 2019","2.652","2.643","2.654","2.638","-","0.00%"
"Dec 31, 2018","2.651","2.683","2.683","2.655","0.04K","-1.61%"
"Dec 28, 2018","2.695","2.693","2.703","2.693","0.01K","0.26%"
"Dec 27, 2018","2.688","2.676","2.679","2.675","0.01K","-1.14%"
"Dec 26, 2018","2.719","2.672","2.696","2.672","0.02K","2.18%"
"Dec 25, 2018","2.661","2.664","2.671","2.649","-","-0.63%"
"Dec 24, 2018","2.678","2.683","2.683","2.669","0.20K","-0.30%"
"Dec 21, 2018","2.686","2.717","2.717","2.676","0.00K","-0.96%"
"Dec 20, 2018","2.712","2.683","2.719","2.683","0.02K","-0.48%"
"Dec 19, 2018","2.725","2.688","2.690","2.686","0.03K","1.70%"
"Dec 18, 2018","2.680","2.711","2.711","2.675","0.03K","-3.25%"
"Dec 17, 2018","2.770","2.748","2.762","2.740","0.01K","-0.11%"
"Dec 14, 2018","2.773","2.736","2.771","2.736","0.01K","0.20%"
"Dec 13, 2018","2.767","2.776","2.776","2.776","0.02K","0.00%"
"Dec 12, 2018","2.767","2.775","2.775","2.761","0.01K","-0.22%"
"Dec 11, 2018","2.773","2.759","2.785","2.758","0.16K","1.09%"
"Dec 10, 2018","2.743","2.749","2.757","2.735","0.02K","-1.28%"
"Dec 07, 2018","2.779","2.789","2.789","2.789","0.02K","0.29%"
"Dec 06, 2018","2.771","2.767","2.768","2.734","0.02K","-1.09%"
"Dec 05, 2018","2.802","2.791","2.800","2.787","0.00K","0.29%"
"Dec 04, 2018","2.793","2.830","2.830","2.825","0.04K","-1.24%"
"Dec 03, 2018","2.829","2.858","2.858","2.816","0.02K","0.98%"
"Nov 30, 2018","2.801","2.791","2.799","2.791","0.15K","-0.14%"
"Nov 29, 2018","2.805","2.793","2.793","2.793","0.03K","-0.69%"
"Nov 28, 2018","2.825","2.776","2.820","2.776","0.01K","2.80%"
"Nov 27, 2018","2.747","2.784","2.784","2.756","0.01K","-1.51%"
"Nov 26, 2018","2.789","2.776","2.790","2.776","0.07K","-0.30%"
"Nov 23, 2018","2.798","2.798","2.814","2.784","0.01K","0.00%"
"Nov 22, 2018","2.798","2.783","2.801","2.772","-","-0.27%"
"Nov 21, 2018","2.806","2.762","2.810","2.762","0.02K","1.01%"
"Nov 20, 2018","2.777","2.787","2.787","2.759","0.05K","-0.45%"
"Nov 19, 2018","2.790","2.803","2.803","2.772","0.11K","-0.98%"
"Nov 16, 2018","2.818","2.776","2.808","2.776","0.09K","0.81%"
"Nov 15, 2018","2.795","2.772","2.807","2.772","0.00K","0.94%"
"Nov 14, 2018","2.769","2.737","2.763","2.737","0.32K","0.58%"
"Nov 13, 2018","2.753","2.765","2.765","2.765","0.02K","0.58%"
"Nov 12, 2018","2.737","2.732","2.736","2.723","1.07K","-0.20%"
"Nov 09, 2018","2.743","2.780","2.780","2.732","0.00K","-2.05%"
"Nov 08, 2018","2.800","2.779","2.786","2.779","0.01K","-0.57%"
"Nov 07, 2018","2.816","2.804","2.804","2.804","0.01K","0.84%"
"Nov 06, 2018","2.793","2.817","2.817","2.795","0.36K","-1.01%"
"Nov 05, 2018","2.821","2.822","2.822","2.822","0.05K","-1.57%"
"Nov 02, 2018","2.866","2.822","2.864","2.797","0.01K","2.85%"
"Nov 01, 2018","2.786","2.761","2.780","2.761","0.13K","2.20%"
"Oct 31, 2018","2.727","2.735","2.735","2.724","0.01K","-0.24%"
"Oct 30, 2018","2.733","2.780","2.780","2.736","0.18K","-2.77%"
"Oct 29, 2018","2.811","2.812","2.817","2.811","0.00K","0.16%"
"Oct 26, 2018","2.806","2.783","2.783","2.773","0.08K","-0.71%"
"Oct 25, 2018","2.826","2.789","2.825","2.789","0.01K","-0.18%"
"Oct 24, 2018","2.832","2.830","2.857","2.808","0.00K","-0.07%"
"Oct 23, 2018","2.833","2.829","2.829","2.812","0.03K","-0.65%"
"Oct 22, 2018","2.852","2.838","2.875","2.837","0.00K","0.25%"
"Oct 19, 2018","2.845","2.806","2.842","2.806","0.10K","0.96%"
"Oct 18, 2018","2.818","2.830","2.830","2.790","0.00K","-0.84%"
"Oct 17, 2018","2.842","2.829","2.860","2.819","0.01K","-0.19%"
"Oct 16, 2018","2.848","2.813","2.841","2.813","0.01K","0.02%"
"Oct 15, 2018","2.847","2.864","2.880","2.836","0.02K","-0.19%"
"Oct 12, 2018","2.852","2.869","2.869","2.869","0.01K","-0.16%"
"Oct 11, 2018","2.857","2.812","2.861","2.793","0.00K","0.81%"
"Oct 10, 2018","2.834","2.857","2.857","2.800","0.01K","-1.08%"
"Oct 09, 2018","2.865","2.852","2.869","2.835","0.01K","1.11%"
"Oct 08, 2018","2.833","2.817","2.826","2.812","0.34K","0.11%"
"Oct 05, 2018","2.830","2.809","2.809","2.809","0.02K","-0.28%"
"Oct 04, 2018","2.839","2.899","2.909","2.845","0.28K","-1.92%"
"Oct 03, 2018","2.894","2.856","2.884","2.853","0.02K","1.26%"
"Oct 02, 2018","2.858","2.856","2.872","2.844","0.01K","0.51%"
"Oct 01, 2018","2.843","2.855","2.855","2.814","0.01K","-0.37%"
"Sep 28, 2018","2.854","2.840","2.853","2.829","0.07K","0.60%"
"Sep 27, 2018","2.837","2.840","2.840","2.818","1.52K","-1.66%"
"Sep 26, 2018","2.885","2.868","2.881","2.868","0.01K","0.30%"
"Sep 25, 2018","2.876","2.885","2.885","2.865","0.02K","-0.43%"
"Sep 24, 2018","2.889","2.880","2.905","2.880","1.37K","-0.53%"
"Sep 21, 2018","2.905","2.829","2.905","2.821","0.07K","3.75%"
"Sep 20, 2018","2.799","2.827","2.827","2.827","0.01K","0.14%"
"Sep 19, 2018","2.796","2.784","2.796","2.772","0.01K","0.00%"
"Sep 18, 2018","2.796","2.767","2.792","2.764","0.05K","2.38%"
"Sep 17, 2018","2.731","2.717","2.722","2.717","0.01K","0.22%"
"Sep 14, 2018","2.725","2.739","2.741","2.688","0.36K","-1.32%"
"Sep 13, 2018","2.761","2.747","2.747","2.747","0.16K","0.40%"
"Sep 12, 2018","2.750","2.622","2.688","2.607","0.04K","1.98%"
"Sep 11, 2018","2.697","2.624","2.662","2.582","0.05K","-0.50%"
"Sep 10, 2018","2.711","2.717","2.717","2.711","0.02K","0.17%"
"Sep 07, 2018","2.706","2.635","2.652","2.594","0.05K","-0.68%"
"Sep 06, 2018","2.724","2.709","2.709","2.709","0.01K","1.04%"
"Sep 05, 2018","2.697","2.688","2.688","2.688","0.02K","0.13%"
"Sep 04, 2018","2.693","2.694","2.694","2.690","0.03K","-2.29%"
"Aug 31, 2018","2.756","2.700","2.712","2.662","0.00K","-1.61%"
"Aug 30, 2018","2.801","2.780","2.784","2.777","0.12K","-0.85%"
"Aug 29, 2018","2.825","2.744","2.757","2.720","0.01K","-0.53%"
"Aug 28, 2018","2.840","2.845","2.845","2.839","0.01K","0.78%"
"Aug 27, 2018","2.818","2.806","2.806","2.806","0.01K","0.30%"
"Aug 24, 2018","2.809","2.749","2.793","2.749","0.01K","1.43%"
"Aug 23, 2018","2.770","2.773","2.773","2.760","0.05K","-0.52%"
"Aug 22, 2018","2.784","2.780","2.780","2.780","0.03K","-0.39%"
"Aug 21, 2018","2.796","2.789","2.789","2.780","0.01K","0.78%"
"Aug 20, 2018","2.774","2.771","2.771","2.771","0.03K","1.31%"
"Aug 17, 2018","2.738","2.750","2.750","2.750","0.04K","0.53%"
"Aug 16, 2018","2.724","2.604","2.662","2.585","0.09K","1.72%"
"Aug 15, 2018","2.678","2.720","2.720","2.682","0.03K","-4.31%"
"Aug 14, 2018","2.798","2.800","2.800","2.800","0.02K","-1.60%"
"Aug 13, 2018","2.843","2.840","2.840","2.840","0.01K","-0.40%"
"Aug 10, 2018","2.855","2.861","2.861","2.861","0.01K","-0.85%"
"Aug 09, 2018","2.879","2.774","2.838","2.772","28.11K","0.56%"
"Aug 08, 2018","2.864","2.775","2.794","2.757","0.02K","-0.12%"
"Aug 07, 2018","2.867","2.868","2.868","2.868","0.01K","0.65%"
"Aug 06, 2018","2.849","2.772","2.780","2.729","0.02K","-1.15%"
"Aug 03, 2018","2.882","2.755","2.805","2.732","0.03K","0.93%"
"Aug 02, 2018","2.855","2.771","2.782","2.731","0.02K","-0.26%"
"Aug 01, 2018","2.862","2.846","2.850","2.750","0.01K","-2.52%"
"Jul 31, 2018","2.937","2.782","2.822","2.769","0.03K","1.15%"
"Jul 30, 2018","2.903","2.793","2.796","2.750","0.00K","-0.12%"
"Jul 27, 2018","2.907","2.905","2.905","2.905","0.01K","-0.46%"
"Jul 26, 2018","2.920","2.842","2.842","2.789","0.01K","-0.07%"
"Jul 25, 2018","2.922","2.793","2.844","2.793","0.01K","0.34%"
"Jul 24, 2018","2.912","2.736","2.792","2.736","0.05K","2.27%"
"Jul 23, 2018","2.848","2.748","2.749","2.730","0.78K","-0.40%"
"Jul 20, 2018","2.859","2.679","2.749","2.679","0.60K","2.02%"
"Jul 19, 2018","2.803","2.819","2.819","2.808","0.07K","-2.23%"
"Jul 18, 2018","2.866","2.846","2.846","2.846","0.00K","0.28%"
"Jul 17, 2018","2.859","2.760","2.773","2.736","0.01K","-0.47%"
"Jul 16, 2018","2.872","2.865","2.870","2.862","0.04K","-0.62%"
"Jul 13, 2018","2.890","2.904","2.904","2.901","0.02K","0.00%"
"Jul 12, 2018","2.891","2.868","2.868","2.868","0.00K","1.26%"
"Jul 11, 2018","2.855","2.861","2.861","2.847","0.01K","-3.17%"
"Jul 10, 2018","2.948","2.965","2.965","2.965","0.00K","-0.17%"
"Jul 09, 2018","2.953","2.958","2.967","2.957","0.03K","0.85%"
"Jul 06, 2018","2.928","2.900","2.900","2.900","0.00K","0.03%"
"Jul 05, 2018","2.927","2.909","2.909","2.811","1.05K","-2.95%"
"Jul 03, 2018","3.016","2.930","2.942","2.897","0.00K","-0.77%"
"Jul 02, 2018","3.039","2.954","2.956","2.909","1.74K","-0.60%"
"Jun 29, 2018","3.058","3.063","3.064","3.062","0.04K","-0.18%"
"Jun 28, 2018","3.063","2.978","2.981","2.930","0.03K","-1.32%"
"Jun 27, 2018","3.105","3.094","3.095","3.080","0.01K","-0.24%"
"Jun 26, 2018","3.112","3.107","3.107","3.094","0.01K","0.06%"
"Jun 25, 2018","3.110","3.132","3.132","3.130","0.00K","-0.97%"
"Jun 22, 2018","3.141","3.030","3.033","3.030","0.02K","0.21%"
"Jun 21, 2018","3.134","3.043","3.043","3.029","0.02K","-0.82%"
"Jun 20, 2018","3.160","3.044","3.050","3.044","0.38K","-0.33%"
"Jun 19, 2018","3.171","3.043","3.061","3.043","0.00K","-1.74%"
"Jun 18, 2018","3.227","3.136","3.136","3.092","0.01K","-1.10%"
"Jun 15, 2018","3.263","3.203","3.204","3.130","0.02K","-2.17%"
"Jun 14, 2018","3.335","3.224","3.225","3.211","0.01K","-0.94%"
"Jun 13, 2018","3.366","3.251","3.251","3.245","0.55K","0.15%"
"Jun 12, 2018","3.362","3.240","3.240","3.240","0.00K","0.00%"
"Jun 11, 2018","3.362","3.281","3.281","3.244","0.02K","-1.25%"
"Jun 08, 2018","3.404","3.370","3.370","3.370","0.03K","0.80%"
"Jun 07, 2018","3.377","3.268","3.297","3.252","0.06K","0.18%"
"Jun 06, 2018","3.371","3.199","3.259","3.199","0.58K","1.78%"
"Jun 05, 2018","3.312","3.138","3.204","3.138","0.01K","1.89%"
"Jun 04, 2018","3.250","3.102","3.130","3.096","0.02K","0.88%"
"Jun 01, 2018","3.222","3.057","3.089","3.049","0.01K","0.99%"
"May 31, 2018","3.191","3.141","3.183","3.141","0.00K","0.00%"
"May 30, 2018","3.191","3.044","3.062","3.000","0.01K","0.09%"
"May 29, 2018","3.188","3.073","3.080","3.056","0.52K","-0.50%"
"May 25, 2018","3.204","3.095","3.095","3.065","0.40K","-0.62%"
"May 24, 2018","3.224","3.190","3.190","3.190","0.78K","0.77%"
"May 23, 2018","3.199","3.090","3.090","3.037","0.75K","-1.83%"
"May 22, 2018","3.259","3.100","3.133","3.100","0.01K","0.84%"
"May 21, 2018","3.231","3.061","3.090","3.061","0.49K","1.13%"
"May 18, 2018","3.195","3.050","3.069","3.045","0.39K","-0.75%"
"May 17, 2018","3.220","3.071","3.077","3.061","0.71K","0.70%"
"May 16, 2018","3.197","3.035","3.061","3.035","0.69K","0.24%"
"May 15, 2018","3.190","3.078","3.078","3.022","1.00K","-1.10%"
"May 14, 2018","3.225","3.075","3.086","3.071","0.70K","-0.68%"
"May 11, 2018","3.247","3.091","3.104","3.091","0.49K","0.08%"
"May 10, 2018","3.244","3.043","3.094","3.043","0.76K","1.61%"
"May 09, 2018","3.193","3.033","3.045","3.033","0.51K","0.00%"
"May 08, 2018","3.193","3.058","3.070","2.998","0.00K","-0.58%"
"May 07, 2018","3.211","3.055","3.083","3.045","0.04K","0.00%"
"May 04, 2018","3.211","3.063","3.080","3.046","0.69K","0.19%"
"May 03, 2018","3.205","3.045","3.094","3.041","0.53K","0.50%"
"May 02, 2018","3.189","3.033","3.058","3.028","1.04K","0.85%"
"May 01, 2018","3.162","3.049","3.053","2.998","1.49K","-1.06%"
"Apr 30, 2018","3.196","3.187","3.187","3.179","0.02K","0.00%"
"Apr 27, 2018","3.196","3.116","3.120","3.029","12.51K","-1.93%"
"Apr 26, 2018","3.259","3.126","3.126","3.126","0.01K","-0.41%"
"Apr 25, 2018","3.273","3.130","3.130","3.127","0.04K","-0.44%"
"Apr 24, 2018","3.287","3.147","3.147","3.132","0.29K","0.94%"
"Apr 23, 2018","3.257","3.085","3.107","3.085","0.32K","-0.64%"
"Apr 20, 2018","3.277","3.106","3.140","3.106","0.28K","0.09%"
"Apr 19, 2018","3.274","3.120","3.120","3.120","0.35K","-0.70%"
"Apr 18, 2018","3.297","3.160","3.164","3.147","0.45K","2.28%"
"Apr 17, 2018","3.224","3.068","3.075","3.068","0.24K","-0.34%"
"Apr 16, 2018","3.235","3.068","3.104","3.068","0.38K","0.78%"
"Apr 13, 2018","3.210","3.064","3.067","3.060","0.38K","0.27%"
"Apr 12, 2018","3.201","3.048","3.059","3.045","0.46K","-1.37%"
"Apr 11, 2018","3.246","3.253","3.253","3.253","0.03K","-0.64%"
"Apr 10, 2018","3.267","3.088","3.135","3.088","0.41K","1.81%"
"Apr 09, 2018","3.209","3.061","3.072","3.061","0.32K","0.52%"
"Apr 06, 2018","3.193","3.051","3.054","3.035","0.49K","-0.41%"
"Apr 05, 2018","3.205","3.051","3.071","3.044","0.24K","2.04%"
"Apr 04, 2018","3.141","3.104","3.104","3.104","0.00K","-1.54%"
"Apr 03, 2018","3.191","3.178","3.182","3.178","0.02K","0.47%"
"Apr 02, 2018","3.175","3.045","3.061","3.033","0.43K","0.83%"
"Mar 29, 2018","3.149","2.990","3.036","2.990","0.80K","0.74%"
"Mar 28, 2018","3.126","2.966","2.998","2.965","2.13K","0.06%"
"Mar 27, 2018","3.125","2.976","2.978","2.976","0.42K","1.00%"
"Mar 26, 2018","3.093","3.089","3.100","3.087","0.04K","-0.74%"
"Mar 23, 2018","3.116","3.000","3.006","2.974","0.35K","-0.80%"
"Mar 22, 2018","3.141","3.049","3.049","2.995","0.37K","-1.01%"
"Mar 21, 2018","3.174","3.033","3.068","3.010","0.99K","0.51%"
"Mar 20, 2018","3.158","3.062","3.068","3.022","0.72K","-1.36%"
"Mar 19, 2018","3.201","3.200","3.200","3.200","0.03K","-0.76%"
"Mar 16, 2018","3.226","3.123","3.126","3.076","0.48K","-0.59%"
"Mar 15, 2018","3.244","3.131","3.144","3.092","0.49K","-0.89%"
"Mar 14, 2018","3.273","3.123","3.171","3.123","0.45K","0.55%"
"Mar 13, 2018","3.256","3.266","3.266","3.266","0.00K","0.46%"
"Mar 12, 2018","3.240","3.123","3.125","3.092","0.63K","-0.37%"
"Mar 09, 2018","3.253","3.058","3.126","3.041","0.75K","1.67%"
"Mar 08, 2018","3.199","3.098","3.098","3.051","0.65K","-1.58%"
"Mar 07, 2018","3.250","3.123","3.123","3.096","0.74K","-0.49%"
"Mar 06, 2018","3.266","3.104","3.155","3.104","0.54K","0.99%"
"Mar 05, 2018","3.234","3.232","3.232","3.232","0.03K","0.06%"
"Mar 02, 2018","3.233","3.104","3.119","3.087","1.06K","0.03%"
"Mar 01, 2018","3.231","3.104","3.122","3.080","1.73K","-0.37%"
"Feb 28, 2018","3.243","3.155","3.156","3.102","3.32K","-1.70%"
"Feb 27, 2018","3.299","3.199","3.209","3.134","16.68K","-0.90%"
"Feb 26, 2018","3.329","3.204","3.204","3.196","0.32K","-0.19%"
"Feb 23, 2018","3.336","3.199","3.205","3.199","0.29K","-0.71%"
"Feb 22, 2018","3.360","3.179","3.233","3.179","0.34K","0.75%"
"Feb 21, 2018","3.335","3.179","3.179","3.179","0.30K","0.69%"
"Feb 20, 2018","3.312","3.224","3.233","3.181","0.00K","-1.43%"
"Feb 16, 2018","3.360","3.249","3.249","3.234","0.40K","0.16%"
"Feb 15, 2018","3.355","3.220","3.240","3.215","0.41K","0.30%"
"Feb 14, 2018","3.345","3.228","3.228","3.228","0.41K","2.20%"
"Feb 13, 2018","3.273","3.079","3.152","3.079","0.35K","2.25%"
"Feb 12, 2018","3.201","3.188","3.188","3.188","0.00K","1.60%"
"Feb 09, 2018","3.150","3.067","3.068","3.021","0.47K","-1.44%"
"Feb 08, 2018","3.196","3.078","3.089","3.056","0.41K","-0.23%"
"Feb 07, 2018","3.204","3.131","3.131","3.078","0.33K","-3.04%"
"Feb 06, 2018","3.304","3.317","3.317","3.317","0.00K","-0.90%"
"Feb 05, 2018","3.334","3.216","3.240","3.179","0.45K","1.00%"
"Feb 02, 2018","3.301","3.192","3.205","3.163","0.41K","-0.60%"
"Feb 01, 2018","3.321","3.180","3.208","3.178","0.89K","0.56%"
"Jan 31, 2018","3.303","3.211","3.211","3.184","0.80K","0.06%"
"Jan 30, 2018","3.300","3.160","3.187","3.150","0.67K","-0.06%"
"Jan 29, 2018","3.303","3.178","3.178","3.178","0.27K","-0.26%"
"Jan 26, 2018","3.311","3.175","3.177","3.175","0.22K","-0.53%"
"Jan 25, 2018","3.329","3.216","3.216","3.202","0.35K","-0.43%"
"Jan 24, 2018","3.343","3.153","3.213","3.153","0.32K","3.55%"
"Jan 23, 2018","3.228","3.143","3.143","3.103","0.35K","-2.39%"
"Jan 22, 2018","3.307","3.188","3.188","3.175","0.23K","0.32%"
"Jan 19, 2018","3.297","3.167","3.167","3.167","0.24K","-0.26%"
"Jan 18, 2018","3.306","3.180","3.180","3.180","0.42K","0.32%"
"Jan 17, 2018","3.295","3.170","3.171","3.160","0.67K","-0.89%"
"Jan 16, 2018","3.325","3.241","3.247","3.168","1.02K","0.11%"
"Jan 12, 2018","3.321","3.200","3.200","3.200","0.32K","-0.35%"
"Jan 11, 2018","3.332","3.215","3.216","3.210","0.32K","0.08%"
"Jan 10, 2018","3.330","3.227","3.227","3.224","0.38K","0.56%"
"Jan 09, 2018","3.312","3.219","3.224","3.193","0.83K","-0.21%"
"Jan 08, 2018","3.319","3.205","3.214","3.200","0.70K","-0.15%"
"Jan 05, 2018","3.323","3.209","3.211","3.208","0.58K","-0.87%"
"Jan 04, 2018","3.352","3.263","3.263","3.236","0.32K","0.19%"
"Jan 03, 2018","3.346","3.239","3.244","3.222","0.33K","-0.39%"
"Jan 02, 2018","3.359","3.251","3.267","3.251","0.76K","-0.62%"
"Dec 29, 2017","3.380","3.253","3.279","3.253","0.87K","-0.10%"
"Dec 28, 2017","3.384","3.249","3.296","3.249","0.81K","0.68%"
"Dec 27, 2017","3.361","3.257","3.257","3.257","0.59K","0.24%"
"Dec 26, 2017","3.352","3.221","3.258","3.221","0.50K","1.27%"
"Dec 22, 2017","3.310","3.188","3.219","3.184","0.95K","0.47%"
"Dec 21, 2017","3.295","3.170","3.191","3.163","0.98K","0.83%"
"Dec 20, 2017","3.268","3.119","3.177","3.119","0.60K","1.51%"
"Dec 19, 2017","3.220","3.111","3.130","3.092","0.71K","0.00%"
"Dec 18, 2017","3.220","3.096","3.123","3.090","0.62K","0.42%"
"Dec 15, 2017","3.206","3.042","3.115","3.042","0.56K","1.97%"
"Dec 14, 2017","3.144","3.033","3.052","3.016","1.03K","0.61%"
"Dec 13, 2017","3.125","2.993","3.035","2.993","0.54K","0.94%"
"Dec 12, 2017","3.096","2.990","3.001","2.983","0.84K","0.41%"
"Dec 11, 2017","3.083","2.950","2.993","2.940","0.48K","1.10%"
"Dec 08, 2017","3.050","2.938","2.966","2.938","0.69K","0.46%"
"Dec 07, 2017","3.036","2.951","2.968","2.929","0.69K","0.13%"
"Dec 06, 2017","3.032","2.929","2.962","2.929","0.77K","0.71%"
"Dec 05, 2017","3.010","3.005","3.005","2.977","0.01K","-4.44%"
"Dec 04, 2017","3.151","3.068","3.084","3.059","0.89K","-0.03%"
"Dec 01, 2017","3.151","3.045","3.098","3.045","2.05K","0.86%"
"Nov 30, 2017","3.125","3.037","3.063","3.025","2.04K","-0.10%"
"Nov 29, 2017","3.128","3.139","3.139","3.138","0.01K","-0.89%"
"Nov 28, 2017","3.155","3.105","3.105","3.068","0.23K","-1.68%"
"Nov 27, 2017","3.210","3.131","3.134","3.131","0.25K","-1.02%"
"Nov 24, 2017","3.243","3.126","3.174","3.125","0.19K","0.95%"
"Nov 22, 2017","3.212","3.135","3.136","3.135","0.32K","0.31%"
"Nov 21, 2017","3.202","3.086","3.124","3.086","0.42K","1.23%"
"Nov 20, 2017","3.163","3.051","3.088","3.051","0.38K","0.56%"
"Nov 17, 2017","3.145","3.141","3.141","3.141","0.12K","0.58%"
"Nov 16, 2017","3.128","3.045","3.057","3.041","0.33K","-0.22%"
"Nov 15, 2017","3.135","3.140","3.140","3.140","0.00K","-0.37%"
"Nov 14, 2017","3.146","3.103","3.103","3.045","0.29K","-1.47%"
"Nov 13, 2017","3.193","3.086","3.126","3.086","0.37K","1.22%"
"Nov 10, 2017","3.155","3.079","3.079","3.063","0.21K","-0.27%"
"Nov 09, 2017","3.163","3.078","3.086","3.077","0.22K","-0.44%"
"Nov 08, 2017","3.177","3.092","3.099","3.092","0.26K","0.25%"
"Nov 07, 2017","3.169","3.115","3.115","3.079","0.38K","-2.10%"
"Nov 06, 2017","3.237","3.149","3.153","3.144","0.27K","1.35%"
"Nov 03, 2017","3.194","3.135","3.136","3.102","0.35K","-0.76%"
"Nov 02, 2017","3.218","3.130","3.147","3.127","0.57K","-0.16%"
"Nov 01, 2017","3.224","3.138","3.141","3.127","0.44K","1.54%"
"Oct 31, 2017","3.174","3.100","3.103","3.085","0.66K","-0.56%"
"Oct 30, 2017","3.193","3.080","3.102","3.080","0.68K","0.28%"
"Oct 27, 2017","3.184","3.147","3.147","3.074","0.32K","-2.26%"
"Oct 26, 2017","3.257","3.164","3.167","3.159","0.35K","0.03%"
"Oct 25, 2017","3.256","3.170","3.176","3.161","0.49K","-0.70%"
"Oct 24, 2017","3.279","3.181","3.187","3.181","0.31K","0.28%"
"Oct 23, 2017","3.270","3.145","3.175","3.145","0.36K","0.99%"
"Oct 20, 2017","3.238","3.179","3.179","3.132","0.37K","-0.11%"
"Oct 19, 2017","3.241","3.151","3.156","3.150","0.41K","-0.40%"
"Oct 18, 2017","3.254","3.175","3.184","3.158","0.54K","-0.47%"
"Oct 17, 2017","3.270","3.217","3.217","3.177","0.47K","-1.24%"
"Oct 16, 2017","3.311","3.138","3.228","3.138","0.35K","3.21%"
"Oct 13, 2017","3.208","3.104","3.116","3.104","0.32K","0.33%"
"Oct 12, 2017","3.197","3.080","3.115","3.080","0.50K","0.77%"
"Oct 11, 2017","3.173","3.042","3.083","3.042","0.56K","0.94%"
"Oct 10, 2017","3.144","3.026","3.052","3.022","0.72K","1.00%"
"Oct 09, 2017","3.112","3.010","3.016","3.010","0.41K","0.11%"
"Oct 06, 2017","3.109","3.024","3.024","3.008","0.40K","-0.38%"
"Oct 05, 2017","3.121","2.950","3.030","2.950","0.54K","2.82%"
"Oct 04, 2017","3.036","2.953","2.953","2.944","0.37K","-0.18%"
"Oct 03, 2017","3.041","2.938","2.950","2.938","0.42K","0.35%"
"Oct 02, 2017","3.030","2.954","2.954","2.928","1.17K","-0.08%"
"Sep 29, 2017","3.033","2.963","2.963","2.932","0.60K","-0.87%"
"Sep 28, 2017","3.059","2.909","2.970","2.908","1.23K","1.68%"
"Sep 27, 2017","3.009","2.917","2.917","2.901","0.66K","0.23%"
"Sep 26, 2017","3.002","2.918","2.945","2.890","1.14K","-0.45%"
"Sep 25, 2017","3.016","2.927","2.937","2.906","0.58K","-0.13%"
"Sep 22, 2017","3.020","2.901","2.930","2.875","0.57K","0.30%"
"Sep 21, 2017","3.010","2.921","2.928","2.909","0.50K","-1.05%"
"Sep 20, 2017","3.043","2.957","2.966","2.936","1.32K","-0.05%"
"Sep 19, 2017","3.044","2.947","2.954","2.941","0.71K","-0.11%"
"Sep 18, 2017","3.047","2.961","2.961","2.942","1.05K","0.76%"
"Sep 15, 2017","3.024","2.946","2.948","2.910","1.11K","-0.21%"
"Sep 14, 2017","3.031","2.957","2.969","2.918","1.24K","-0.77%"
"Sep 13, 2017","3.055","3.019","3.024","2.951","0.82K","-1.75%"
"Sep 12, 2017","3.109","3.053","3.053","3.001","1.31K","-0.83%"
"Sep 11, 2017","3.135","3.026","3.061","3.022","0.97K","0.80%"
"Sep 08, 2017","3.110","3.100","3.100","3.100","0.00K","-3.15%"
"Sep 07, 2017","3.211","3.136","3.136","3.095","1.53K","-0.19%"
"Sep 06, 2017","3.217","3.107","3.139","3.107","0.85K","0.85%"
"Sep 05, 2017","3.190","3.099","3.158","3.093","1.51K","0.20%"
"Sep 01, 2017","3.184","3.087","3.103","3.073","1.76K","0.78%"
"Aug 31, 2017","3.159","3.065","3.114","3.064","4.35K","0.35%"
"Aug 30, 2017","3.148","3.081","3.094","3.060","15.36K","-0.46%"
"Aug 29, 2017","3.162","3.083","3.094","3.079","0.10K","0.51%"
"Aug 28, 2017","3.147","3.071","3.076","3.066","0.53K","0.96%"
"Aug 25, 2017","3.116","3.037","3.054","3.027","0.16K","-0.05%"
"Aug 24, 2017","3.118","2.986","3.038","2.986","0.23K","1.78%"
"Aug 23, 2017","3.063","2.969","2.985","2.969","0.18K","-0.10%"
"Aug 22, 2017","3.066","2.970","3.009","2.970","0.37K","0.16%"
"Aug 21, 2017","3.062","2.963","3.002","2.963","0.19K","1.29%"
"Aug 18, 2017","3.023","2.929","2.952","2.929","0.29K","0.00%"
"Aug 17, 2017","3.023","2.962","2.963","2.930","0.22K","-0.41%"
"Aug 16, 2017","3.035","2.885","2.968","2.885","0.28K","2.29%"
"Aug 15, 2017","2.967","2.902","2.902","2.880","0.42K","-0.69%"
"Aug 14, 2017","2.987","2.901","2.905","2.890","0.30K","-0.05%"
"Aug 11, 2017","2.989","2.890","2.914","2.880","0.29K","0.22%"
"Aug 10, 2017","2.983","2.924","2.924","2.900","0.37K","-0.68%"
"Aug 09, 2017","3.003","2.997","2.997","2.997","0.00K","-0.46%"
"Aug 08, 2017","3.017","2.908","2.942","2.908","0.31K","1.02%"
"Aug 07, 2017","2.987","2.889","2.914","2.889","0.32K","0.88%"
"Aug 04, 2017","2.961","2.874","2.887","2.868","0.30K","0.27%"
"Aug 03, 2017","2.953","2.880","2.880","2.873","0.30K","-0.14%"
"Aug 02, 2017","2.957","2.876","2.885","2.871","0.41K","-0.07%"
"Aug 01, 2017","2.958","2.890","2.890","2.874","0.58K","-0.44%"
"Jul 31, 2017","2.971","2.893","2.900","2.886","0.44K","0.56%"
"Jul 28, 2017","2.955","2.864","2.875","2.849","0.52K","-0.05%"
"Jul 27, 2017","2.957","2.893","2.893","2.870","0.24K","0.24%"
"Jul 26, 2017","2.950","2.830","2.881","2.830","0.97K","0.99%"
"Jul 25, 2017","2.921","2.735","2.838","2.728","0.94K","3.69%"
"Jul 24, 2017","2.816","2.720","2.736","2.720","0.62K","0.48%"
"Jul 21, 2017","2.803","2.730","2.735","2.715","0.29K","0.30%"
"Jul 20, 2017","2.795","2.704","2.709","2.703","0.37K","0.31%"
"Jul 19, 2017","2.786","2.725","2.725","2.700","0.43K","-0.57%"
"Jul 18, 2017","2.802","2.711","2.724","2.711","0.47K","0.30%"
"Jul 17, 2017","2.793","2.696","2.727","2.696","0.54K","1.18%"
"Jul 14, 2017","2.761","2.658","2.687","2.658","0.45K","1.08%"
"Jul 13, 2017","2.731","2.685","2.688","2.654","0.57K","-0.69%"
"Jul 12, 2017","2.750","2.670","2.687","2.667","0.50K","0.31%"
"Jul 11, 2017","2.742","2.638","2.668","2.635","0.76K","0.92%"
"Jul 10, 2017","2.717","2.642","2.648","2.623","0.90K","0.31%"
"Jul 07, 2017","2.708","2.657","2.657","2.632","0.56K","-0.53%"
"Jul 06, 2017","2.723","2.650","2.655","2.643","0.59K","0.06%"
"Jul 05, 2017","2.721","2.675","2.676","2.633","0.98K","-0.96%"
"Jul 03, 2017","2.748","2.686","2.700","2.675","1.56K","-0.56%"
"Jun 30, 2017","2.763","2.684","2.706","2.671","1.96K","0.36%"
"Jun 29, 2017","2.753","2.660","2.700","2.656","9.14K","0.69%"
"Jun 28, 2017","2.734","2.651","2.653","2.648","0.38K","0.53%"
"Jun 27, 2017","2.720","2.617","2.647","2.617","0.21K","0.85%"
"Jun 26, 2017","2.697","2.622","2.627","2.617","0.32K","0.20%"
"Jun 23, 2017","2.691","2.635","2.635","2.622","0.23K","0.84%"
"Jun 22, 2017","2.669","2.599","2.599","2.594","0.32K","-0.17%"
"Jun 21, 2017","2.674","2.540","2.598","2.540","0.25K","1.63%"
"Jun 20, 2017","2.631","2.587","2.587","2.555","0.45K","-1.13%"
"Jun 19, 2017","2.661","2.587","2.587","2.587","0.27K","1.04%"
"Jun 16, 2017","2.633","2.557","2.567","2.557","0.49K","-0.15%"
"Jun 15, 2017","2.637","2.570","2.570","2.555","0.52K","-0.25%"
"Jun 14, 2017","2.644","2.580","2.580","2.562","0.48K","-0.77%"
"Jun 13, 2017","2.664","2.620","2.620","2.587","0.28K","-0.69%"
"Jun 12, 2017","2.682","2.622","2.625","2.611","0.27K","-1.07%"
"Jun 09, 2017","2.711","2.623","2.647","2.616","0.25K","1.40%"
"Jun 08, 2017","2.674","2.550","2.610","2.545","0.31K","1.94%"
"Jun 07, 2017","2.623","2.546","2.550","2.535","0.25K","0.15%"
"Jun 06, 2017","2.619","2.535","2.558","2.518","0.29K","-0.42%"
"Jun 05, 2017","2.630","2.557","2.558","2.550","0.32K","-0.57%"
"Jun 02, 2017","2.645","2.555","2.575","2.531","0.36K","-0.36%"
"Jun 01, 2017","2.655","2.576","2.587","2.575","0.65K","0.09%"
"May 31, 2017","2.652","2.567","2.582","2.554","0.52K","0.55%"
"May 30, 2017","2.638","2.551","2.566","2.544","0.72K","-0.06%"
"May 26, 2017","2.639","2.580","2.581","2.557","0.39K","-1.03%"
"May 25, 2017","2.667","2.576","2.610","2.576","0.77K","0.43%"
"May 24, 2017","2.655","2.584","2.584","2.567","0.51K","-0.43%"
"May 23, 2017","2.667","2.576","2.590","2.575","0.97K","0.15%"
"May 22, 2017","2.662","2.565","2.595","2.563","0.31K","0.51%"
"May 19, 2017","2.649","2.543","2.576","2.543","0.81K","1.69%"
"May 18, 2017","2.605","2.520","2.531","2.488","0.59K","-0.57%"
"May 17, 2017","2.620","2.535","2.544","2.527","0.74K","-0.11%"
"May 16, 2017","2.623","2.521","2.546","2.515","0.35K","0.36%"
"May 15, 2017","2.614","2.534","2.547","2.531","0.60K","0.56%"
"May 12, 2017","2.599","2.508","2.521","2.505","0.34K","0.66%"
"May 11, 2017","2.582","2.493","2.534","2.493","0.41K","0.55%"
"May 10, 2017","2.568","2.493","2.500","2.484","0.39K","-0.17%"
"May 09, 2017","2.572","2.482","2.502","2.480","0.65K","0.14%"
"May 08, 2017","2.569","2.535","2.535","2.470","0.61K","-1.44%"
"May 05, 2017","2.606","2.502","2.527","2.495","0.52K","0.54%"
"May 04, 2017","2.592","2.512","2.527","2.480","0.78K","-1.16%"
"May 03, 2017","2.623","2.618","2.618","2.506","1.01K","-3.21%"
"May 02, 2017","2.710","2.651","2.651","2.615","1.07K","-0.79%"
"May 01, 2017","2.731","2.587","2.680","2.586","1.63K","2.05%"
"Apr 28, 2017","2.677","2.583","2.602","2.578","2.96K","0.32%"
"Apr 27, 2017","2.668","2.591","2.591","2.554","19.00K","-0.28%"
"Apr 26, 2017","2.675","2.590","2.590","2.579","0.22K","-0.02%"
"Apr 25, 2017","2.676","2.572","2.586","2.572","0.27K","0.83%"
"Apr 24, 2017","2.654","2.535","2.552","2.535","0.52K","0.55%"
"Apr 21, 2017","2.639","2.531","2.541","2.531","0.28K","-0.13%"
"Apr 20, 2017","2.643","2.526","2.538","2.526","0.49K","0.34%"
"Apr 19, 2017","2.634","2.550","2.550","2.534","0.28K","0.40%"
"Apr 18, 2017","2.624","2.584","2.584","2.521","0.22K","-2.56%"
"Apr 17, 2017","2.693","2.586","2.599","2.585","0.17K","0.86%"
"Apr 13, 2017","2.670","2.565","2.573","2.565","0.21K","0.95%"
"Apr 12, 2017","2.645","2.583","2.583","2.536","0.29K","-2.07%"
"Apr 11, 2017","2.701","2.607","2.607","2.584","0.40K","0.13%"
"Apr 10, 2017","2.697","2.638","2.638","2.600","0.52K","-1.68%"
"Apr 07, 2017","2.743","2.625","2.646","2.606","0.36K","-0.44%"
"Apr 06, 2017","2.755","2.659","2.682","2.648","0.42K","-0.63%"
"Apr 05, 2017","2.773","2.640","2.687","2.640","0.43K","2.48%"
"Apr 04, 2017","2.705","2.590","2.608","2.590","0.33K","0.39%"
"Apr 03, 2017","2.695","2.642","2.653","2.599","0.56K","-1.55%"
"Mar 31, 2017","2.737","2.671","2.671","2.635","0.63K","-0.53%"
"Mar 30, 2017","2.752","2.667","2.708","2.656","0.65K","-0.25%"
"Mar 29, 2017","2.759","2.667","2.674","2.655","0.42K","0.04%"
"Mar 28, 2017","2.758","2.623","2.662","2.622","0.36K","1.51%"
"Mar 27, 2017","2.717","2.596","2.626","2.562","0.43K","0.09%"
"Mar 24, 2017","2.714","2.630","2.634","2.614","0.39K","-0.46%"
"Mar 23, 2017","2.727","2.622","2.643","2.610","0.39K","0.48%"
"Mar 22, 2017","2.714","2.600","2.627","2.582","0.44K","0.43%"
"Mar 21, 2017","2.703","2.642","2.642","2.598","0.55K","-1.57%"
"Mar 20, 2017","2.746","2.679","2.679","2.645","0.37K","-0.69%"
"Mar 17, 2017","2.764","2.660","2.683","2.648","0.30K","0.51%"
"Mar 16, 2017","2.750","2.675","2.683","2.662","0.40K","0.75%"
"Mar 15, 2017","2.730","2.652","2.666","2.641","0.32K","0.81%"
"Mar 14, 2017","2.708","2.611","2.635","2.600","0.38K","0.43%"
"Mar 13, 2017","2.697","2.590","2.627","2.588","0.39K","0.99%"
"Mar 10, 2017","2.670","2.567","2.599","2.567","0.64K","0.53%"
"Mar 09, 2017","2.656","2.576","2.583","2.550","0.83K","-0.60%"
"Mar 08, 2017","2.672","2.606","2.623","2.583","0.89K","-0.63%"
"Mar 07, 2017","2.689","2.655","2.655","2.596","1.73K","-1.09%"
"Mar 06, 2017","2.718","2.689","2.689","2.639","0.84K","-1.45%"
"Mar 03, 2017","2.759","2.678","2.698","2.670","0.63K","0.25%"
"Mar 02, 2017","2.751","2.724","2.729","2.673","0.78K","-1.49%"
"Mar 01, 2017","2.793","2.705","2.755","2.703","1.18K","0.78%"
"Feb 28, 2017","2.772","2.683","2.711","2.669","1.74K","0.60%"
"Feb 27, 2017","2.755","2.673","2.691","2.652","14.42K","0.00%"
"Feb 24, 2017","2.756","2.661","2.682","2.661","0.09K","1.42%"
"Feb 23, 2017","2.717","2.722","2.722","2.642","0.16K","-3.10%"
"Feb 22, 2017","2.804","2.720","2.729","2.720","0.17K","-0.46%"
"Feb 21, 2017","2.817","2.736","2.750","2.736","0.23K","1.39%"
"Feb 17, 2017","2.779","2.685","2.703","2.682","0.27K","-0.82%"
"Feb 16, 2017","2.802","2.705","2.717","2.701","0.41K","-0.87%"
"Feb 15, 2017","2.826","2.720","2.739","2.720","1.09K","0.37%"
"Feb 14, 2017","2.816","2.756","2.760","2.737","0.71K","-1.02%"
"Feb 13, 2017","2.845","2.776","2.776","2.776","0.41K","0.58%"
"Feb 10, 2017","2.828","2.677","2.770","2.664","0.38K","4.03%"
"Feb 09, 2017","2.718","2.648","2.648","2.648","0.32K","-0.51%"
"Feb 08, 2017","2.733","2.674","2.674","2.671","0.33K","1.20%"
"Feb 07, 2017","2.700","2.634","2.642","2.630","0.68K","-0.55%"
"Feb 06, 2017","2.715","2.615","2.627","2.615","0.26K","1.59%"
"Feb 03, 2017","2.672","2.646","2.646","2.607","0.43K","-2.43%"
"Feb 02, 2017","2.739","2.714","2.714","2.665","0.53K","-0.71%"
"Feb 01, 2017","2.759","2.718","2.718","2.703","0.69K","-0.42%"
"Jan 31, 2017","2.770","2.658","2.720","2.658","0.60K","2.73%"
"Jan 30, 2017","2.697","2.681","2.682","2.636","0.77K","-1.10%"
"Jan 27, 2017","2.727","2.671","2.671","2.658","0.24K","0.65%"
"Jan 26, 2017","2.709","2.699","2.699","2.660","0.32K","-1.33%"
"Jan 25, 2017","2.746","2.696","2.708","2.696","0.21K","0.02%"
"Jan 24, 2017","2.745","2.679","2.702","2.679","1.13K","2.16%"
"Jan 23, 2017","2.687","2.639","2.639","2.635","0.24K","0.92%"
"Jan 20, 2017","2.662","2.610","2.620","2.593","0.79K","0.45%"
"Jan 19, 2017","2.651","2.606","2.606","2.595","0.19K","-0.26%"
"Jan 18, 2017","2.658","2.618","2.618","2.602","0.42K","-0.06%"
"Jan 17, 2017","2.659","2.675","2.675","2.602","0.29K","-2.35%"
"Jan 13, 2017","2.723","2.642","2.679","2.641","0.23K","0.54%"
"Jan 12, 2017","2.708","2.597","2.660","2.597","0.22K","2.48%"
"Jan 11, 2017","2.643","2.604","2.604","2.591","0.42K","0.13%"
"Jan 10, 2017","2.639","2.562","2.614","2.562","0.61K","2.78%"
"Jan 09, 2017","2.568","2.534","2.542","2.515","0.24K","-0.23%"
"Jan 06, 2017","2.574","2.518","2.535","2.505","0.34K","0.45%"
"Jan 05, 2017","2.563","2.554","2.572","2.527","0.31K","-0.54%"
"Jan 04, 2017","2.576","2.497","2.550","2.497","0.74K","2.63%"
"Jan 03, 2017","2.510","2.527","2.527","2.480","0.59K","-0.59%"
"Dec 30, 2016","2.526","2.493","2.506","2.493","0.51K","0.76%"
"Dec 29, 2016","2.507","2.498","2.509","2.479","0.66K","-0.44%"
"Dec 28, 2016","2.517","2.522","2.522","2.494","0.29K","-0.61%"
"Dec 27, 2016","2.533","2.450","2.513","2.450","0.30K","1.48%"
"Dec 23, 2016","2.496","2.496","2.501","2.472","0.44K","-0.79%"
"Dec 22, 2016","2.516","2.490","2.503","2.455","0.43K","0.16%"
"Dec 21, 2016","2.512","2.510","2.510","2.490","0.23K","-0.26%"
"Dec 20, 2016","2.519","2.494","2.498","2.481","0.60K","0.18%"
"Dec 19, 2016","2.514","2.546","2.553","2.475","0.38K","-2.37%"
"Dec 16, 2016","2.575","2.580","2.583","2.539","0.63K","-1.15%"
"Dec 15, 2016","2.605","2.595","2.602","2.575","0.46K","-0.33%"
"Dec 14, 2016","2.614","2.587","2.635","2.567","0.74K","0.08%"
"Dec 13, 2016","2.612","2.592","2.623","2.561","0.77K","-0.74%"
"Dec 12, 2016","2.631","2.674","2.674","2.599","0.61K","-0.85%"
"Dec 09, 2016","2.654","2.640","2.655","2.627","0.55K","0.82%"
"Dec 08, 2016","2.632","2.630","2.661","2.610","0.69K","-0.72%"
"Dec 07, 2016","2.651","2.660","2.693","2.622","0.86K","-1.19%"
"Dec 06, 2016","2.683","2.675","2.688","2.643","1.02K","-0.48%"
"Dec 05, 2016","2.696","2.610","2.701","2.610","0.53K","2.69%"
"Dec 02, 2016","2.625","2.618","2.624","2.587","0.77K","-0.85%"
"Dec 01, 2016","2.648","2.626","2.656","2.603","0.97K","0.30%"
"Nov 30, 2016","2.640","2.588","2.643","2.540","2.02K","0.61%"
"Nov 29, 2016","2.624","2.651","2.662","2.574","15.88K","-2.24%"
"Nov 28, 2016","2.684","2.663","2.722","2.659","0.26K","-0.50%"
"Nov 25, 2016","2.697","2.655","2.663","2.646","0.27K","2.29%"
"Nov 23, 2016","2.637","2.531","2.608","2.531","0.41K","1.95%"
"Nov 22, 2016","2.586","2.558","2.558","2.535","0.25K","1.05%"
"Nov 21, 2016","2.559","2.518","2.524","2.501","0.29K","2.07%"
"Nov 18, 2016","2.507","2.455","2.483","2.453","0.32K","-0.95%"
"Nov 17, 2016","2.532","2.470","2.490","2.462","0.31K","0.94%"
"Nov 16, 2016","2.508","2.500","2.500","2.445","0.17K","-1.30%"
"Nov 15, 2016","2.541","2.561","2.561","2.462","0.20K","-0.63%"
"Nov 14, 2016","2.557","2.563","2.568","2.509","0.26K","0.27%"
"Nov 11, 2016","2.550","2.615","2.718","2.506","0.44K","-1.64%"
"Nov 10, 2016","2.592","2.562","2.564","2.518","0.24K","3.56%"
"Nov 09, 2016","2.503","2.437","2.454","2.437","0.22K","3.19%"
"Nov 08, 2016","2.426","2.300","2.376","2.291","0.29K","3.06%"
"Nov 07, 2016","2.354","2.289","2.309","2.281","0.27K","2.04%"
"Nov 04, 2016","2.307","2.248","2.262","2.248","0.36K","0.68%"
"Nov 03, 2016","2.292","2.216","2.245","2.215","0.28K","0.64%"
"Nov 02, 2016","2.277","2.224","2.228","2.212","0.33K","0.09%"
"Nov 01, 2016","2.275","2.205","2.227","2.200","0.38K","1.11%"
"Oct 31, 2016","2.250","2.189","2.206","2.189","0.31K","0.45%"
"Oct 28, 2016","2.240","2.164","2.193","2.164","0.42K","1.17%"
"Oct 27, 2016","2.214","2.155","2.167","2.152","0.23K","0.87%"
"Oct 26, 2016","2.195","2.133","2.138","2.132","0.24K","0.34%"
"Oct 25, 2016","2.188","2.115","2.139","2.115","0.42K","2.03%"
"Oct 24, 2016","2.144","2.089","2.089","2.088","0.25K","0.07%"
"Oct 21, 2016","2.142","2.091","2.091","2.084","0.18K","-0.26%"
"Oct 20, 2016","2.148","2.080","2.091","2.080","0.19K","-0.37%"
"Oct 19, 2016","2.156","2.098","2.100","2.083","0.28K","-0.07%"
"Oct 18, 2016","2.158","2.108","2.108","2.098","0.34K","0.07%"
"Oct 17, 2016","2.156","2.099","2.105","2.096","0.28K","-0.25%"
"Oct 14, 2016","2.161","2.119","2.120","2.096","0.19K","-0.55%"
"Oct 13, 2016","2.174","2.153","2.153","2.114","0.42K","-2.40%"
"Oct 12, 2016","2.227","2.176","2.183","2.168","0.19K","-0.42%"
"Oct 11, 2016","2.237","2.191","2.191","2.170","0.48K","-0.53%"
"Oct 10, 2016","2.249","2.172","2.193","2.172","0.36K","1.58%"
"Oct 07, 2016","2.214","2.167","2.167","2.156","0.26K","0.39%"
"Oct 06, 2016","2.205","2.147","2.149","2.140","0.22K","-0.43%"
"Oct 05, 2016","2.214","2.155","2.170","2.155","0.34K","-0.11%"
"Oct 04, 2016","2.217","2.165","2.179","2.159","0.34K","-1.05%"
"Oct 03, 2016","2.240","2.187","2.187","2.166","0.67K","-0.73%"
"Sep 30, 2016","2.257","2.200","2.209","2.196","0.74K","0.76%"
"Sep 29, 2016","2.240","2.195","2.196","2.176","1.12K","0.20%"
"Sep 28, 2016","2.236","2.178","2.178","2.178","0.43K","0.68%"
"Sep 27, 2016","2.220","2.174","2.185","2.160","0.51K","-1.22%"
"Sep 26, 2016","2.248","2.180","2.188","2.179","0.75K","-0.09%"
"Sep 23, 2016","2.250","2.188","2.196","2.188","0.72K","0.42%"
"Sep 22, 2016","2.240","2.167","2.190","2.167","0.79K","1.66%"
"Sep 21, 2016","2.204","2.148","2.156","2.145","0.48K","-0.43%"
"Sep 20, 2016","2.214","2.148","2.160","2.144","0.51K","0.48%"
"Sep 19, 2016","2.203","2.137","2.148","2.137","0.55K","-0.09%"
"Sep 16, 2016","2.205","2.155","2.155","2.143","0.42K","0.05%"
"Sep 15, 2016","2.204","2.147","2.156","2.142","1.07K","0.27%"
"Sep 14, 2016","2.198","2.105","2.150","2.102","0.82K","2.49%"
"Sep 13, 2016","2.145","2.098","2.111","2.088","0.47K","-0.05%"
"Sep 12, 2016","2.145","2.080","2.103","2.061","0.36K","0.35%"
"Sep 09, 2016","2.138","2.097","2.098","2.082","0.66K","-0.35%"
"Sep 08, 2016","2.145","2.101","2.101","2.080","0.43K","0.07%"
"Sep 07, 2016","2.144","2.087","2.106","2.087","0.48K","0.37%"
"Sep 06, 2016","2.136","2.074","2.092","2.070","0.80K","0.45%"
"Sep 02, 2016","2.126","2.076","2.086","2.068","0.57K","0.07%"
"Sep 01, 2016","2.125","2.072","2.090","2.067","0.98K","-0.05%"
"Aug 31, 2016","2.126","2.070","2.083","2.067","1.63K","0.00%"
"Aug 30, 2016","2.126","2.080","2.089","2.063","9.51K","-0.02%"
"Aug 29, 2016","2.127","2.081","2.081","2.076","0.17K","-0.23%"
"Aug 26, 2016","2.132","2.077","2.077","2.075","0.20K","0.09%"
"Aug 25, 2016","2.130","2.082","2.083","2.076","0.28K","-0.12%"
"Aug 24, 2016","2.132","2.118","2.118","2.079","0.30K","-1.80%"
"Aug 23, 2016","2.171","2.127","2.131","2.114","0.34K","-1.18%"
"Aug 22, 2016","2.197","2.163","2.163","2.130","0.31K","-1.04%"
"Aug 19, 2016","2.220","2.166","2.174","2.166","0.31K","-0.07%"
"Aug 18, 2016","2.222","2.159","2.188","2.159","0.31K","0.68%"
"Aug 17, 2016","2.207","2.159","2.159","2.156","0.31K","-0.81%"
"Aug 16, 2016","2.225","2.155","2.174","2.155","0.22K","0.86%"
"Aug 15, 2016","2.206","2.142","2.155","2.139","0.24K","0.48%"
"Aug 12, 2016","2.195","2.152","2.157","2.139","0.26K","-2.01%"
"Aug 11, 2016","2.240","2.181","2.192","2.181","0.24K","0.86%"
"Aug 10, 2016","2.221","2.151","2.195","2.151","0.25K","0.68%"
"Aug 09, 2016","2.207","2.161","2.161","2.140","0.23K","-0.65%"
"Aug 08, 2016","2.221","2.155","2.178","2.155","0.24K","0.41%"
"Aug 05, 2016","2.212","2.174","2.174","2.152","0.23K","-0.85%"
"Aug 04, 2016","2.231","2.250","2.250","2.250","0.36K","-0.89%"
"Aug 03, 2016","2.251","2.204","2.204","2.175","0.39K","-0.42%"
"Aug 02, 2016","2.260","2.192","2.235","2.192","0.44K","0.40%"
"Aug 01, 2016","2.251","2.227","2.239","2.190","0.56K","-0.81%"
"Jul 29, 2016","2.270","2.199","2.228","2.189","0.23K","0.67%"
"Jul 28, 2016","2.255","2.204","2.220","2.198","0.32K","0.96%"
"Jul 27, 2016","2.234","2.211","2.215","2.188","0.29K","-1.80%"
"Jul 26, 2016","2.274","2.212","2.229","2.212","0.27K","0.62%"
"Jul 25, 2016","2.260","2.240","2.240","2.209","0.33K","-0.59%"
"Jul 22, 2016","2.274","2.261","2.262","2.225","0.32K","-0.94%"
"Jul 21, 2016","2.296","2.248","2.266","2.248","0.36K","0.04%"
"Jul 20, 2016","2.295","2.257","2.259","2.239","0.37K","-0.22%"
"Jul 19, 2016","2.299","2.239","2.262","2.234","1.04K","1.03%"
"Jul 18, 2016","2.276","2.216","2.241","2.208","0.39K","0.22%"
"Jul 15, 2016","2.271","2.235","2.260","2.230","0.28K","-0.59%"
"Jul 14, 2016","2.284","2.237","2.247","2.232","0.42K","0.09%"
"Jul 13, 2016","2.283","2.216","2.273","2.215","0.82K","0.91%"
"Jul 12, 2016","2.262","2.146","2.221","2.146","0.46K","2.91%"
"Jul 11, 2016","2.198","2.140","2.163","2.140","0.55K","1.38%"
"Jul 08, 2016","2.168","2.123","2.133","2.117","0.32K","-0.14%"
"Jul 07, 2016","2.171","2.144","2.151","2.116","0.89K","-1.36%"
"Jul 06, 2016","2.201","2.180","2.183","2.131","1.12K","-1.26%"
"Jul 05, 2016","2.229","2.229","2.245","2.162","1.35K","-1.33%"
"Jul 01, 2016","2.259","2.201","2.235","2.167","2.02K","0.83%"
"Jun 30, 2016","2.240","2.191","2.204","2.172","1.76K","0.40%"
"Jun 29, 2016","2.231","2.179","2.194","2.158","7.54K","0.38%"
"Jun 28, 2016","2.223","2.175","2.176","2.166","0.28K","2.21%"
"Jun 27, 2016","2.175","2.124","2.128","2.115","0.36K","0.74%"
"Jun 24, 2016","2.159","2.114","2.122","2.110","0.24K","-2.15%"
"Jun 23, 2016","2.207","2.143","2.167","2.132","0.34K","1.42%"
"Jun 22, 2016","2.175","2.141","2.141","2.131","0.24K","0.79%"
"Jun 21, 2016","2.158","2.079","2.128","2.079","0.28K","0.98%"
"Jun 20, 2016","2.138","2.082","2.097","2.080","0.23K","1.74%"
"Jun 17, 2016","2.101","2.075","2.075","2.056","0.22K","0.14%"
"Jun 16, 2016","2.098","2.066","2.066","2.043","0.25K","-1.89%"
"Jun 15, 2016","2.138","2.070","2.115","2.070","0.23K","2.27%"
"Jun 14, 2016","2.091","2.043","2.052","2.039","0.25K","-0.67%"
"Jun 13, 2016","2.105","2.065","2.065","2.055","0.50K","1.06%"
"Jun 10, 2016","2.083","2.034","2.037","2.026","0.30K","-0.48%"
"Jun 09, 2016","2.093","2.075","2.079","2.021","0.32K","-0.97%"
"Jun 08, 2016","2.114","2.070","2.070","2.062","0.22K","0.48%"
"Jun 07, 2016","2.103","2.122","2.122","2.050","0.52K","-2.84%"
"Jun 06, 2016","2.165","2.140","2.140","2.112","0.27K","0.37%"
"Jun 03, 2016","2.157","2.067","2.132","2.064","0.58K","1.89%"
"Jun 02, 2016","2.117","2.064","2.074","2.064","0.30K","-0.21%"
"Jun 01, 2016","2.122","2.066","2.074","2.058","0.77K","-1.05%"
"May 31, 2016","2.144","2.098","2.114","2.078","0.59K","-0.86%"
"May 27, 2016","2.162","2.091","2.122","2.091","0.61K","0.51%"
"May 26, 2016","2.151","2.118","2.118","2.106","0.30K","0.14%"
"May 25, 2016","2.148","2.090","2.110","2.080","0.37K","1.70%"
"May 24, 2016","2.112","2.065","2.083","2.065","0.36K","0.55%"
"May 23, 2016","2.101","2.061","2.063","2.053","0.32K","-0.05%"
"May 20, 2016","2.102","2.078","2.080","2.055","0.38K","-0.14%"
"May 19, 2016","2.105","2.067","2.068","2.042","0.45K","-0.73%"
"May 18, 2016","2.121","2.097","2.098","2.052","0.40K","-0.66%"
"May 17, 2016","2.135","2.099","2.099","2.075","0.45K","0.00%"
"May 16, 2016","2.135","2.071","2.099","2.071","0.40K","0.66%"
"May 13, 2016","2.121","2.076","2.084","2.065","1.10K","-0.05%"
"May 12, 2016","2.122","2.098","2.120","2.060","0.86K","-1.46%"
"May 11, 2016","2.154","2.100","2.124","2.092","0.39K","0.49%"
"May 10, 2016","2.143","2.105","2.110","2.090","0.80K","-0.49%"
"May 09, 2016","2.154","2.147","2.147","2.097","0.60K","-1.85%"
"May 06, 2016","2.194","2.143","2.164","2.140","0.50K","0.05%"
"May 05, 2016","2.193","2.180","2.180","2.141","1.17K","-1.44%"
"May 04, 2016","2.225","2.207","2.217","2.177","0.96K","-1.37%"
"May 03, 2016","2.256","2.256","2.256","2.208","0.71K","-1.93%"
"May 02, 2016","2.300","2.268","2.285","2.255","0.65K","-0.67%"
"Apr 29, 2016","2.316","2.218","2.292","2.218","2.53K","2.09%"
"Apr 28, 2016","2.269","2.226","2.232","2.201","9.80K","0.33%"
"Apr 27, 2016","2.261","2.237","2.237","2.213","0.31K","-0.96%"
"Apr 26, 2016","2.283","2.237","2.263","2.235","0.46K","-0.41%"
"Apr 25, 2016","2.293","2.265","2.272","2.259","0.44K","-0.39%"
"Apr 22, 2016","2.302","2.289","2.292","2.273","0.37K","0.50%"
"Apr 21, 2016","2.290","2.274","2.274","2.250","0.28K","0.39%"
"Apr 20, 2016","2.281","2.210","2.240","2.210","0.27K","0.55%"
"Apr 19, 2016","2.269","2.166","2.225","2.166","0.24K","2.60%"
"Apr 18, 2016","2.211","2.141","2.168","2.141","0.22K","0.52%"
"Apr 15, 2016","2.200","2.145","2.154","2.145","0.26K","-0.88%"
"Apr 14, 2016","2.219","2.159","2.172","2.159","0.30K","0.16%"
"Apr 13, 2016","2.216","2.174","2.174","2.166","0.33K","1.21%"
"Apr 12, 2016","2.189","2.094","2.151","2.094","0.25K","2.48%"
"Apr 11, 2016","2.136","2.102","2.102","2.075","0.24K","0.05%"
"Apr 08, 2016","2.135","2.084","2.095","2.084","0.42K","0.23%"
"Apr 07, 2016","2.130","2.142","2.142","2.071","0.37K","-2.83%"
"Apr 06, 2016","2.192","2.131","2.144","2.131","0.25K","0.32%"
"Apr 05, 2016","2.185","2.142","2.142","2.134","0.29K","0.05%"
"Apr 04, 2016","2.184","2.155","2.158","2.138","0.31K","-0.79%"
"Apr 01, 2016","2.201","2.184","2.184","2.158","0.69K","-0.79%"
"Mar 31, 2016","2.219","2.186","2.196","2.175","0.51K","-0.43%"
"Mar 30, 2016","2.228","2.212","2.212","2.179","0.68K","-0.87%"
"Mar 29, 2016","2.248","2.208","2.216","2.198","0.18K","-1.06%"
"Mar 28, 2016","2.272","2.226","2.248","2.225","0.42K","0.80%"
"Mar 24, 2016","2.254","2.225","2.232","2.210","0.50K","-0.35%"
"Mar 23, 2016","2.262","2.271","2.272","2.236","0.43K","-2.14%"
"Mar 22, 2016","2.312","2.279","2.289","2.272","0.30K","-0.13%"
"Mar 21, 2016","2.315","2.279","2.295","2.279","0.19K","0.50%"
"Mar 18, 2016","2.303","2.300","2.314","2.278","0.27K","-0.45%"
"Mar 17, 2016","2.313","2.263","2.292","2.257","0.25K","2.55%"
"Mar 16, 2016","2.256","2.232","2.259","2.223","0.28K","0.18%"
"Mar 15, 2016","2.252","2.205","2.233","2.205","0.45K","-0.04%"
"Mar 14, 2016","2.253","2.263","2.263","2.231","0.42K","0.09%"
"Mar 11, 2016","2.251","2.240","2.250","2.233","0.41K","0.58%"
"Mar 10, 2016","2.238","2.237","2.238","2.208","0.38K","-0.49%"
"Mar 09, 2016","2.249","2.236","2.248","2.206","0.39K","0.45%"
"Mar 08, 2016","2.239","2.272","2.272","2.204","0.78K","-2.55%"
"Mar 07, 2016","2.297","2.267","2.280","2.248","0.52K","0.77%"
"Mar 04, 2016","2.280","2.208","2.300","2.208","1.08K","2.82%"
"Mar 03, 2016","2.217","2.182","2.215","2.175","0.66K","0.80%"
"Mar 02, 2016","2.200","2.142","2.196","2.140","1.54K","1.38%"
"Mar 01, 2016","2.170","2.123","2.144","2.094","0.71K","0.53%"
"Feb 29, 2016","2.158","2.122","2.128","2.096","3.04K","0.37%"
"Feb 26, 2016","2.151","2.079","2.156","2.076","13.17K","2.53%"
"Feb 25, 2016","2.098","2.098","2.098","2.082","0.16K","-1.34%"
"Feb 24, 2016","2.126","2.082","2.116","2.072","0.24K","-0.33%"
"Feb 23, 2016","2.133","2.091","2.106","2.090","0.21K","-0.47%"
"Feb 22, 2016","2.143","2.097","2.119","2.097","0.34K","1.56%"
"Feb 19, 2016","2.110","2.072","2.083","2.071","0.29K","0.24%"
"Feb 18, 2016","2.105","2.073","2.076","2.054","0.32K","-0.21%"
"Feb 17, 2016","2.109","2.043","2.069","2.040","0.34K","1.25%"
"Feb 16, 2016","2.083","2.047","2.082","2.046","0.31K","1.56%"
"Feb 12, 2016","2.052","2.010","2.037","2.010","0.22K","0.98%"
"Feb 11, 2016","2.032","2.009","2.022","2.000","0.39K","-0.90%"
"Feb 10, 2016","2.050","2.024","2.026","2.003","0.23K","-0.65%"
"Feb 09, 2016","2.063","2.084","2.090","2.015","0.33K","-2.18%"
"Feb 08, 2016","2.109","2.079","2.094","2.079","0.22K","-0.82%"
"Feb 05, 2016","2.127","2.107","2.107","2.084","0.32K","-1.39%"
"Feb 04, 2016","2.157","2.118","2.134","2.104","0.44K","1.24%"
"Feb 03, 2016","2.131","2.079","2.099","2.079","0.23K","1.79%"
"Feb 02, 2016","2.093","2.054","2.063","2.042","0.50K","0.07%"
"Feb 01, 2016","2.092","2.030","2.058","2.027","0.34K","-0.45%"
"Jan 29, 2016","2.101","2.051","2.062","2.048","0.22K","0.84%"
"Jan 28, 2016","2.083","2.060","2.060","2.039","0.51K","-0.74%"
"Jan 27, 2016","2.099","2.041","2.073","2.041","0.15K","1.21%"
"Jan 26, 2016","2.074","2.032","2.041","2.022","0.35K","1.59%"
"Jan 25, 2016","2.042","2.009","2.010","1.984","0.43K","0.00%"
"Jan 22, 2016","2.042","2.007","2.018","2.000","0.15K","0.07%"
"Jan 21, 2016","2.040","1.973","1.994","1.969","0.22K","1.69%"
"Jan 20, 2016","2.007","1.961","1.986","1.952","0.27K","-0.94%"
"Jan 19, 2016","2.026","1.937","1.992","1.937","0.40K","1.63%"
"Jan 15, 2016","1.993","1.973","1.973","1.938","0.50K","-1.36%"
"Jan 14, 2016","2.020","1.960","1.984","1.960","0.42K","0.80%"
"Jan 13, 2016","2.004","1.952","1.966","1.950","0.39K","-0.25%"
"Jan 12, 2016","2.010","1.962","1.962","1.950","0.69K","-0.59%"
"Jan 11, 2016","2.022","1.976","1.978","1.966","0.41K","-2.20%"
"Jan 08, 2016","2.067","2.018","2.018","2.009","0.35K","0.19%"
"Jan 07, 2016","2.063","2.060","2.060","1.992","0.41K","-2.94%"
"Jan 06, 2016","2.125","2.079","2.083","2.071","0.52K","-0.72%"
"Jan 05, 2016","2.141","2.074","2.097","2.074","0.32K","0.80%"
"Jan 04, 2016","2.124","2.071","2.086","2.063","1.08K","-2.43%"
"Dec 31, 2015","2.177","2.138","2.140","2.111","0.31K","-0.43%"
"Dec 30, 2015","2.187","2.130","2.139","2.119","0.64K","0.53%"
"Dec 29, 2015","2.175","2.127","2.135","2.127","0.37K","2.57%"
"Dec 28, 2015","2.121","2.100","2.100","2.068","0.42K","-2.01%"
"Dec 24, 2015","2.164","2.109","2.111","2.105","0.19K","-0.12%"
"Dec 23, 2015","2.167","2.098","2.116","2.098","0.33K","0.67%"
"Dec 22, 2015","2.152","2.107","2.111","2.097","0.34K","-1.40%"
"Dec 21, 2015","2.182","2.103","2.130","2.103","0.35K","1.30%"
"Dec 18, 2015","2.155","2.046","2.103","2.046","0.60K","3.14%"
"Dec 17, 2015","2.089","2.040","2.040","2.029","0.41K","-1.28%"
"Dec 16, 2015","2.116","2.058","2.082","2.057","0.65K","0.62%"
"Dec 15, 2015","2.103","2.098","2.098","2.041","0.49K","-2.32%"
"Dec 14, 2015","2.153","2.106","2.106","2.084","0.37K","-0.12%"
"Dec 11, 2015","2.155","2.058","2.125","2.058","0.63K","2.08%"
"Dec 10, 2015","2.112","2.058","2.067","2.052","0.33K","0.33%"
"Dec 09, 2015","2.105","2.053","2.083","2.052","0.57K","0.43%"
"Dec 08, 2015","2.095","2.039","2.062","2.037","0.38K","0.00%"
"Dec 07, 2015","2.095","2.073","2.084","2.038","0.63K","-1.43%"
"Dec 04, 2015","2.126","2.054","2.092","2.040","0.61K","0.90%"
"Dec 03, 2015","2.107","2.038","2.057","2.025","0.67K","1.30%"
"Dec 02, 2015","2.080","2.071","2.083","2.029","0.89K","-1.79%"
"Dec 01, 2015","2.118","2.044","2.078","2.040","1.71K","1.10%"
"Nov 30, 2015","2.095","2.062","2.075","2.033","3.75K","-0.43%"
"Nov 27, 2015","2.104","2.044","2.123","2.038","20.91K","0.43%"
"Nov 25, 2015","2.095","2.045","2.046","2.039","0.16K","-1.02%"
"Nov 24, 2015","2.116","2.023","2.067","2.023","0.36K","2.42%"
"Nov 23, 2015","2.066","2.013","2.020","2.005","0.29K","-1.57%"
"Nov 20, 2015","2.099","2.095","2.095","2.041","0.27K","-1.29%"
"Nov 19, 2015","2.127","2.079","2.080","2.072","0.30K","0.07%"
"Nov 18, 2015","2.125","2.088","2.091","2.075","0.28K","-1.37%"
"Nov 17, 2015","2.155","2.120","2.120","2.098","0.28K","-0.71%"
"Nov 16, 2015","2.171","2.160","2.170","2.116","0.31K","-2.01%"
"Nov 13, 2015","2.215","2.166","2.168","2.163","0.44K","-0.29%"
"Nov 12, 2015","2.221","2.200","2.200","2.164","0.31K","-1.70%"
"Nov 11, 2015","2.260","2.213","2.221","2.213","0.28K","0.09%"
"Nov 10, 2015","2.258","2.217","2.219","2.209","0.25K","-0.83%"
"Nov 09, 2015","2.277","2.238","2.240","2.231","0.33K","-0.57%"
"Nov 06, 2015","2.290","2.264","2.264","2.240","0.33K","-0.24%"
"Nov 05, 2015","2.296","2.280","2.280","2.251","0.52K","-2.49%"
"Nov 04, 2015","2.354","2.337","2.341","2.316","0.39K","-0.28%"
"Nov 03, 2015","2.361","2.308","2.338","2.300","0.41K","0.43%"
"Nov 02, 2015","2.351","2.291","2.314","2.291","0.65K","0.13%"
"Oct 30, 2015","2.348","2.321","2.321","2.305","0.35K","-0.42%"
"Oct 29, 2015","2.358","2.334","2.337","2.315","0.44K","-1.26%"
"Oct 28, 2015","2.388","2.346","2.348","2.327","0.20K","0.15%"
"Oct 27, 2015","2.384","2.370","2.376","2.360","0.35K","0.40%"
"Oct 26, 2015","2.375","2.350","2.362","2.350","0.26K","0.13%"
"Oct 23, 2015","2.372","2.377","2.378","2.350","0.37K","-1.17%"
"Oct 22, 2015","2.399","2.363","2.405","2.363","0.22K","0.84%"
"Oct 21, 2015","2.379","2.350","2.362","2.335","0.23K","-0.27%"
"Oct 20, 2015","2.386","2.364","2.376","2.364","0.30K","-0.15%"
"Oct 19, 2015","2.389","2.397","2.397","2.365","0.23K","-1.24%"
"Oct 16, 2015","2.420","2.433","2.433","2.396","0.25K","-0.68%"
"Oct 15, 2015","2.436","2.423","2.436","2.409","0.29K","0.33%"
"Oct 14, 2015","2.428","2.403","2.425","2.403","0.24K","0.89%"
"Oct 13, 2015","2.407","2.397","2.411","2.386","0.31K","-1.23%"
"Oct 12, 2015","2.437","2.435","2.435","2.414","0.24K","0.23%"
"Oct 09, 2015","2.431","2.352","2.430","2.352","0.23K","2.73%"
"Oct 08, 2015","2.366","2.370","2.370","2.326","0.38K","-1.00%"
"Oct 07, 2015","2.391","2.364","2.400","2.362","0.26K","0.31%"
"Oct 06, 2015","2.383","2.357","2.375","2.356","0.25K","-0.02%"
"Oct 05, 2015","2.384","2.354","2.374","2.341","0.25K","1.21%"
"Oct 02, 2015","2.355","2.300","2.349","2.280","0.21K","0.88%"
"Oct 01, 2015","2.335","2.341","2.380","2.305","0.42K","-1.39%"
"Sep 30, 2015","2.368","2.263","2.353","2.263","0.54K","3.66%"
"Sep 29, 2015","2.284","2.240","2.266","2.240","0.60K","-0.11%"
"Sep 28, 2015","2.286","2.290","2.290","2.245","0.33K","-1.27%"
"Sep 25, 2015","2.316","2.309","2.324","2.284","0.41K","-0.94%"
"Sep 24, 2015","2.338","2.316","2.316","2.290","0.66K","0.43%"
"Sep 23, 2015","2.328","2.303","2.322","2.300","0.35K","0.15%"
"Sep 22, 2015","2.325","2.390","2.390","2.297","0.59K","-3.71%"
"Sep 21, 2015","2.414","2.385","2.413","2.385","0.33K","0.44%"
"Sep 18, 2015","2.404","2.470","2.470","2.385","0.60K","-2.38%"
"Sep 17, 2015","2.462","2.463","2.500","2.447","0.36K","0.00%"
"Sep 16, 2015","2.461","2.430","2.466","2.430","0.50K","0.94%"
"Sep 15, 2015","2.438","2.420","2.438","2.406","0.46K","0.81%"
"Sep 14, 2015","2.419","2.442","2.444","2.409","0.49K","-1.85%"
"Sep 11, 2015","2.464","2.463","2.467","2.430","0.51K","0.00%"
"Sep 10, 2015","2.464","2.430","2.473","2.430","0.55K","0.37%"
"Sep 09, 2015","2.455","2.434","2.472","2.428","0.48K","-0.20%"
"Sep 08, 2015","2.461","2.326","2.451","2.326","1.30K","4.66%"
"Sep 04, 2015","2.351","2.370","2.370","2.320","0.60K","-2.81%"
"Sep 03, 2015","2.419","2.336","2.421","2.336","0.90K","2.18%"
"Sep 02, 2015","2.368","2.295","2.344","2.292","1.09K","1.02%"
"Sep 01, 2015","2.343","2.336","2.338","2.290","1.13K","-1.41%"
"Aug 31, 2015","2.377","2.337","2.342","2.294","2.16K","-0.29%"
"Aug 28, 2015","2.384","2.336","2.368","2.309","8.23K","0.89%"
"Aug 27, 2015","2.363","2.299","2.325","2.299","0.18K","3.82%"
"Aug 26, 2015","2.276","2.302","2.302","2.254","0.32K","-2.67%"
"Aug 25, 2015","2.339","2.265","2.313","2.265","0.37K","2.05%"
"Aug 24, 2015","2.292","2.271","2.272","2.228","0.35K","-2.36%"
"Aug 21, 2015","2.347","2.314","2.316","2.300","0.36K","-0.84%"
"Aug 20, 2015","2.367","2.318","2.329","2.311","0.26K","1.92%"
"Aug 19, 2015","2.322","2.290","2.290","2.271","0.32K","0.19%"
"Aug 18, 2015","2.318","2.295","2.297","2.280","0.30K","-1.57%"
"Aug 17, 2015","2.355","2.321","2.337","2.321","0.28K","-1.32%"
"Aug 14, 2015","2.386","2.362","2.362","2.353","0.36K","-0.10%"
"Aug 13, 2015","2.389","2.384","2.393","2.364","0.28K","0.40%"
"Aug 12, 2015","2.379","2.310","2.365","2.310","0.29K","0.59%"
"Aug 11, 2015","2.365","2.336","2.345","2.329","0.34K","-1.93%"
"Aug 10, 2015","2.412","2.348","2.416","2.348","0.28K","2.64%"
"Aug 07, 2015","2.350","2.337","2.346","2.333","0.28K","-0.21%"
"Aug 06, 2015","2.355","2.356","2.364","2.345","0.48K","-0.44%"
"Aug 05, 2015","2.365","2.353","2.359","2.353","0.59K","-0.13%"
"Aug 04, 2015","2.368","2.340","2.370","2.340","0.38K","0.53%"
"Aug 03, 2015","2.356","2.350","2.360","2.330","0.96K","-0.55%"
"Jul 31, 2015","2.369","2.369","2.386","2.354","0.75K","0.13%"
"Jul 30, 2015","2.366","2.418","2.418","2.361","1.10K","-0.04%"
"Jul 29, 2015","2.367","2.410","2.410","2.403","0.43K","0.42%"
"Jul 28, 2015","2.357","2.348","2.409","2.348","0.57K","1.90%"
"Jul 27, 2015","2.313","2.384","2.384","2.342","0.50K","-1.28%"
"Jul 24, 2015","2.343","2.366","2.386","2.366","0.47K","0.00%"
"Jul 23, 2015","2.343","2.410","2.430","2.362","0.60K","-1.49%"
"Jul 22, 2015","2.378","2.450","2.450","2.432","0.38K","-1.51%"
"Jul 21, 2015","2.415","2.511","2.511","2.478","0.48K","-0.29%"
"Jul 20, 2015","2.422","2.490","2.494","2.475","0.89K","-0.43%"
"Jul 17, 2015","2.432","2.535","2.537","2.495","0.39K","-1.16%"
"Jul 16, 2015","2.461","2.523","2.549","2.520","0.46K","0.16%"
"Jul 15, 2015","2.457","2.570","2.570","2.511","0.65K","-0.51%"
"Jul 14, 2015","2.470","2.551","2.551","2.527","0.41K","-0.08%"
"Jul 13, 2015","2.471","2.547","2.560","2.507","0.56K","0.06%"
"Jul 10, 2015","2.470","2.560","2.560","2.536","0.97K","-0.56%"
"Jul 09, 2015","2.484","2.500","2.595","2.500","0.66K","2.12%"
"Jul 08, 2015","2.432","2.462","2.519","2.397","0.66K","2.18%"
"Jul 07, 2015","2.381","2.545","2.545","2.390","0.92K","-3.66%"
"Jul 06, 2015","2.471","2.636","2.603","2.510","1.40K","-3.27%"
"Jul 02, 2015","2.555","2.639","2.650","2.628","0.63K","-0.06%"
"Jul 01, 2015","2.556","2.623","2.642","2.615","0.94K","0.55%"
"Jun 30, 2015","2.542","2.638","2.646","2.594","1.98K","-0.66%"
"Jun 29, 2015","2.559","2.638","2.660","2.621","6.77K","-0.10%"
"Jun 26, 2015","2.562","2.645","2.649","2.632","0.56K","0.67%"
"Jun 25, 2015","2.545","2.642","2.651","2.642","0.26K","-0.16%"
"Jun 24, 2015","2.549","2.650","2.667","2.646","0.20K","0.22%"
"Jun 23, 2015","2.543","2.593","2.646","2.593","0.20K","1.70%"
"Jun 22, 2015","2.500","2.593","2.594","2.583","0.19K","0.00%"
"Jun 19, 2015","2.501","2.625","2.625","2.587","0.27K","-1.42%"
"Jun 18, 2015","2.537","2.652","2.659","2.619","0.26K","0.16%"
"Jun 17, 2015","2.533","2.625","2.643","2.618","0.27K","-0.65%"
"Jun 16, 2015","2.549","2.632","2.641","2.624","0.31K","-1.14%"
"Jun 15, 2015","2.579","2.680","2.680","2.653","0.62K","-1.06%"
"Jun 12, 2015","2.606","2.686","2.701","2.686","0.33K","0.31%"
"Jun 11, 2015","2.599","2.716","2.723","2.688","0.32K","-2.62%"
"Jun 10, 2015","2.668","2.747","2.773","2.747","0.23K","1.37%"
"Jun 09, 2015","2.632","2.736","2.752","2.733","0.35K","0.50%"
"Jun 08, 2015","2.619","2.727","2.729","2.720","0.35K","0.00%"
"Jun 05, 2015","2.619","2.711","2.725","2.708","0.29K","0.25%"
"Jun 04, 2015","2.613","2.728","2.735","2.707","0.27K","-1.25%"
"Jun 03, 2015","2.646","2.761","2.763","2.747","0.27K","-0.34%"
"Jun 02, 2015","2.655","2.736","2.761","2.736","0.29K","0.63%"
"Jun 01, 2015","2.638","2.764","2.765","2.736","0.34K","-0.47%"
"May 29, 2015","2.651","2.793","2.803","2.754","0.43K","-1.28%"
"May 28, 2015","2.685","2.783","2.800","2.780","0.60K","-0.15%"
"May 27, 2015","2.690","2.841","2.841","2.805","0.48K","-0.28%"
"May 26, 2015","2.697","2.829","2.853","2.811","1.17K","-0.94%"
"May 22, 2015","2.723","2.853","2.853","2.815","0.54K","-1.18%"
"May 21, 2015","2.755","2.853","2.880","2.853","0.37K","0.73%"
"May 20, 2015","2.735","2.850","2.859","2.844","0.55K","-0.40%"
"May 19, 2015","2.746","2.923","2.923","2.850","0.59K","-2.24%"
"May 18, 2015","2.809","2.955","2.960","2.918","0.64K","-0.43%"
"May 15, 2015","2.821","2.940","2.954","2.922","0.44K","0.04%"
"May 14, 2015","2.820","2.938","2.959","2.930","0.27K","-0.14%"
"May 13, 2015","2.824","2.947","2.964","2.934","0.78K","-0.09%"
"May 12, 2015","2.826","2.917","2.959","2.917","0.39K","0.87%"
"May 11, 2015","2.802","2.938","2.938","2.908","0.74K","-0.39%"
"May 08, 2015","2.813","2.928","2.937","2.897","0.69K","-0.07%"
"May 07, 2015","2.815","2.932","2.936","2.913","0.59K","-0.39%"
"May 06, 2015","2.826","2.935","2.945","2.914","0.82K","-0.28%"
"May 05, 2015","2.834","2.918","2.953","2.906","0.51K","0.59%"
"May 04, 2015","2.818","2.913","2.929","2.895","0.58K","-0.16%"
"May 01, 2015","2.822","2.885","2.940","2.880","1.07K","1.35%"
"Apr 30, 2015","2.784","2.788","2.889","2.784","2.37K","3.05%"
"Apr 29, 2015","2.702","2.780","2.800","2.755","7.29K","0.30%"
"Apr 28, 2015","2.694","2.765","2.791","2.764","0.29K","0.26%"
"Apr 27, 2015","2.687","2.760","2.785","2.760","0.53K","0.77%"
"Apr 24, 2015","2.667","2.740","2.751","2.740","0.33K","1.76%"
"Apr 23, 2015","2.621","2.667","2.695","2.666","0.17K","0.67%"
"Apr 22, 2015","2.603","2.696","2.696","2.667","0.17K","-0.91%"
"Apr 21, 2015","2.627","2.728","2.732","2.695","0.33K","-0.28%"
"Apr 20, 2015","2.635","2.784","2.802","2.725","0.74K","-1.31%"
"Apr 17, 2015","2.670","2.789","2.817","2.772","0.78K","0.13%"
"Apr 16, 2015","2.666","2.763","2.800","2.755","0.34K","2.42%"
"Apr 15, 2015","2.603","2.715","2.742","2.692","0.29K","0.68%"
"Apr 14, 2015","2.586","2.704","2.722","2.697","0.35K","-0.84%"
"Apr 13, 2015","2.608","2.748","2.756","2.735","0.31K","-0.67%"
"Apr 10, 2015","2.625","2.751","2.789","2.750","0.21K","0.17%"
"Apr 09, 2015","2.621","2.735","2.769","2.735","0.18K","-0.10%"
"Apr 08, 2015","2.623","2.762","2.768","2.742","0.30K","-0.98%"
"Apr 07, 2015","2.649","2.770","2.788","2.768","0.23K","1.75%"
"Apr 06, 2015","2.603","2.810","2.810","2.709","0.19K","-0.61%"
"Apr 03, 2015","2.619","2.748","2.748","2.748","-","0.00%"
"Apr 02, 2015","2.619","2.734","2.750","2.734","0.31K","-0.55%"
"Apr 01, 2015","2.634","2.749","2.759","2.721","0.55K","0.32%"
"Mar 31, 2015","2.625","2.763","2.784","2.747","0.40K","-5.83%"
"Mar 30, 2015","2.788","2.765","2.796","2.764","0.67K","0.47%"
"Mar 27, 2015","2.775","2.818","2.818","2.772","0.27K","-1.63%"
"Mar 26, 2015","2.821","2.850","2.850","2.815","0.48K","0.57%"
"Mar 25, 2015","2.805","2.805","2.810","2.800","0.83K","-0.36%"
"Mar 24, 2015","2.815","2.880","2.880","2.805","0.41K","0.25%"
"Mar 23, 2015","2.808","2.800","2.924","2.785","0.38K","1.19%"
"Mar 20, 2015","2.775","2.700","2.785","2.700","0.28K","3.74%"
"Mar 19, 2015","2.675","2.632","2.678","2.630","0.22K","3.40%"
"Mar 18, 2015","2.587","2.631","2.654","2.570","0.81K","-2.08%"
"Mar 17, 2015","2.642","2.675","2.675","2.619","0.43K","-1.34%"
"Mar 16, 2015","2.678","2.677","2.692","2.670","0.45K","-0.04%"
"Mar 13, 2015","2.679","2.675","2.700","2.666","0.46K","0.15%"
"Mar 12, 2015","2.675","2.629","2.695","2.616","0.49K","1.98%"
"Mar 11, 2015","2.623","2.642","2.659","2.615","0.43K","-0.46%"
"Mar 10, 2015","2.635","2.686","2.686","2.618","0.72K","-1.94%"
"Mar 09, 2015","2.687","2.620","2.693","2.620","0.41K","2.21%"
"Mar 06, 2015","2.629","2.667","2.672","2.624","0.80K","-1.61%"
"Mar 05, 2015","2.672","2.683","2.693","2.667","0.57K","-0.19%"
"Mar 04, 2015","2.677","2.672","2.691","2.658","0.63K","0.11%"
"Mar 03, 2015","2.674","2.705","2.705","2.650","1.08K","-1.36%"
"Mar 02, 2015","2.711","2.730","2.744","2.701","1.22K","-0.18%"
"Feb 27, 2015","2.716","2.721","2.725","2.686","2.71K","0.07%"
"Feb 26, 2015","2.714","2.661","2.732","2.656","14.11K","0.22%"
"Feb 25, 2015","2.708","2.666","2.704","2.662","0.19K","-0.15%"
"Feb 24, 2015","2.712","2.650","2.716","2.650","1.03K","2.77%"
"Feb 23, 2015","2.639","2.611","2.650","2.605","0.31K","1.07%"
"Feb 20, 2015","2.611","2.626","2.633","2.603","0.24K","-1.17%"
"Feb 19, 2015","2.642","2.619","2.643","2.603","0.23K","0.11%"
"Feb 18, 2015","2.639","2.622","2.642","2.619","0.31K","1.70%"
"Feb 17, 2015","2.595","2.610","2.625","2.568","0.33K","-0.73%"
"Feb 13, 2015","2.614","2.627","2.630","2.608","0.24K","0.19%"
"Feb 12, 2015","2.609","2.600","2.623","2.589","0.35K","2.19%"
"Feb 11, 2015","2.553","2.558","2.582","2.552","0.23K","-0.35%"
"Feb 10, 2015","2.562","2.590","2.590","2.549","0.30K","-1.42%"
"Feb 09, 2015","2.599","2.588","2.603","2.578","0.31K","-0.15%"
"Feb 06, 2015","2.603","2.603","2.607","2.587","0.21K","-0.34%"
"Feb 05, 2015","2.612","2.589","2.627","2.561","0.23K","0.00%"
"Feb 04, 2015","2.612","2.603","2.617","2.587","0.37K","0.46%"
"Feb 03, 2015","2.600","2.585","2.613","2.565","0.28K","3.54%"
"Feb 02, 2015","2.511","2.510","2.546","2.507","0.40K","-0.67%"
"Jan 30, 2015","2.528","2.465","2.539","2.465","0.31K","2.35%"
"Jan 29, 2015","2.470","2.478","2.488","2.430","0.57K","-2.06%"
"Jan 28, 2015","2.522","2.520","2.546","2.503","0.21K","0.32%"
"Jan 27, 2015","2.514","2.572","2.572","2.481","0.31K","-2.33%"
"Jan 26, 2015","2.574","2.504","2.579","2.493","0.18K","1.42%"
"Jan 23, 2015","2.538","2.560","2.568","2.534","0.22K","-2.38%"
"Jan 22, 2015","2.600","2.604","2.612","2.579","0.18K","-0.57%"
"Jan 21, 2015","2.615","2.581","2.635","2.581","0.51K","0.00%"
"Jan 20, 2015","2.615","2.623","2.623","2.603","0.59K","-1.47%"
"Jan 16, 2015","2.654","2.616","2.663","2.586","0.47K","1.65%"
"Jan 15, 2015","2.611","2.604","2.635","2.600","0.36K","2.27%"
"Jan 14, 2015","2.553","2.648","2.648","2.499","0.33K","-4.70%"
"Jan 13, 2015","2.679","2.760","2.760","2.635","0.60K","-3.04%"
"Jan 12, 2015","2.763","2.793","2.793","2.745","0.31K","-1.00%"
"Jan 09, 2015","2.791","2.804","2.808","2.788","0.30K","-0.57%"
"Jan 08, 2015","2.807","2.796","2.817","2.787","0.24K","0.39%"
"Jan 07, 2015","2.796","2.792","2.809","2.790","0.46K","-0.29%"
"Jan 06, 2015","2.804","2.795","2.806","2.792","0.31K","0.39%"
"Jan 05, 2015","2.793","2.829","2.829","2.788","0.33K","-1.59%"
"Jan 02, 2015","2.838","2.842","2.842","2.837","0.22K","0.00%"